{
    "pb-IF4-J2cH": [
        "HalfDead"
    ], 
    "pb-IF4-U1IHMw==": [
        "Android64114481"
    ], 
    "pb-IF4-UGk_Dg==": [
        "ritunjayme"
    ], 
    "pb-IF4-URMCIA==": [
        "Android67319941"
    ], 
    "pb-IF4-UlAaDQ==": [
        "TheRobin20"
    ], 
    "pb-IF4-Um0ECQ==": [
        "Shankyeot"
    ], 
    "pb-IF4-V1UfEQ==": [
        "Enigmat249"
    ], 
    "pb-IF40U2g_Fw==": [
        "Android61557963"
    ], 
    "pb-IF40UEYTLA==": [
        "DeepWoodla"
    ], 
    "pb-IF40UGUBNw==": [
        "FloralPass"
    ], 
    "pb-IF40URUzVw==": [
        "Android67400548"
    ], 
    "pb-IF40URk5CQ==": [
        "Android67520844"
    ], 
    "pb-IF40UWYeLA==": [
        "Danilfikus"
    ], 
    "pb-IF40UWcHFw==": [
        "devilRohi5"
    ], 
    "pb-IF40UWgKEQ==": [
        "Anais"
    ], 
    "pb-IF40UWkOHw==": [
        "NoNameC11632346"
    ], 
    "pb-IF40UWkeAA==": [
        "anirudhsi2"
    ], 
    "pb-IF40VRkBXQ==": [
        "Adilsora1"
    ], 
    "pb-IF41U0Y5Dg==": [
        "UndyingAli"
    ], 
    "pb-IF41U0oaEg==": [
        "Romeobabu2"
    ], 
    "pb-IF41UFkcAw==": [
        "CLOWN666"
    ], 
    "pb-IF41UG5dAA==": [
        "thlls782"
    ], 
    "pb-IF41UG5eCw==": [
        "Android65378187"
    ], 
    "pb-IF41UHA_EQ==": [
        "StellarAnn"
    ], 
    "pb-IF41URAoFg==": [
        "Wolfi1n"
    ], 
    "pb-IF41URI7Ig==": [
        "FluidCarri"
    ], 
    "pb-IF41URRdBw==": [
        "SleepyXyl2"
    ], 
    "pb-IF41URcFCg==": [
        "DingyLooko"
    ], 
    "pb-IF41UWEkEw==": [
        "DistalTro2"
    ], 
    "pb-IF41UWgzEQ==": [
        "Android67685385"
    ], 
    "pb-IF41UWpbCA==": [
        "NoisyStal2"
    ], 
    "pb-IF41UWpcBA==": [
        "Android67710420"
    ], 
    "pb-IF41VEhZEw==": [
        "GreyCadet2"
    ], 
    "pb-IF42KUsE": [
        "Priyank020"
    ], 
    "pb-IF42MFo8": [
        "mike151507"
    ], 
    "pb-IF42UEU6Bg==": [
        "Android66220595"
    ], 
    "pb-IF42UFkyUA==": [
        "Enigma1805"
    ], 
    "pb-IF42UGsCNA==": [
        "Instinc582"
    ], 
    "pb-IF42UWUlHA==": [
        "Android67626316"
    ], 
    "pb-IF42UWdTPw==": [
        "Desolat554"
    ], 
    "pb-IF42UWgGBA==": [
        "Android67690338"
    ], 
    "pb-IF42UWgHMg==": [
        "IckySergea"
    ], 
    "pb-IF42UWhTLA==": [
        "DiscreetSh"
    ], 
    "pb-IF42UWkfPQ==": [
        "Contag1859"
    ], 
    "pb-IF42Unc-HA==": [
        "Killer19"
    ], 
    "pb-IF42VVEuEw==": [
        "shyamsz"
    ], 
    "pb-IF42VWEMBA==": [
        "HeyVef"
    ], 
    "pb-IF43MlIj": [
        "JestfulTor"
    ], 
    "pb-IF43U0xYNQ==": [
        "WillyWafol"
    ], 
    "pb-IF43U1MEPQ==": [
        "Priya9078"
    ], 
    "pb-IF43UEgSMQ==": [
        "Android66345544"
    ], 
    "pb-IF43UGwM": [
        "leoDrake"
    ], 
    "pb-IF43UREbIw==": [
        "Android67235720"
    ], 
    "pb-IF43URcnPA==": [
        "LesserAuto"
    ], 
    "pb-IF43URcxEQ==": [
        "TwoSurface"
    ], 
    "pb-IF43URdZFw==": [
        "abdotheki4"
    ], 
    "pb-IF43UWEhFg==": [
        "Arrogan336"
    ], 
    "pb-IF43UWVSIA==": [
        "LaconicJo2"
    ], 
    "pb-IF43UWYBBA==": [
        "LowlyScen2"
    ], 
    "pb-IF43UWhdCw==": [
        "LushOrangu"
    ], 
    "pb-IF43Uk9YEQ==": [
        "Nsnsbshs", 
        "abcde1234"
    ], 
    "pb-IF43VFZTFw==": [
        "IckyMole24"
    ], 
    "pb-IF43VW4iKg==": [
        "Y0UAREB0T"
    ], 
    "pb-IF43VWIfVg==": [
        "Android47116287"
    ], 
    "pb-IF48URMANQ==": [
        "Android67298386"
    ], 
    "pb-IF48URg-Kw==": [
        "Android67478393"
    ], 
    "pb-IF48URkhKQ==": [
        "UnfairCons"
    ], 
    "pb-IF48UWMsIw==": [
        "Iconocl561"
    ], 
    "pb-IF48UWg4JA==": [
        "Android67673126"
    ], 
    "pb-IF48UWkxFQ==": [
        "Approxi835"
    ], 
    "pb-IF48UWoPNg==": [
        "NaughtyD41"
    ], 
    "pb-IF48V3QKFw==": [
        "gamerpika9"
    ], 
    "pb-IF48VRglVQ==": [
        "TwistedCl8"
    ], 
    "pb-IF48VU4cAA==": [
        "Tejasvsriv"
    ], 
    "pb-IF49UFkYHA==": [
        "Infernoguy"
    ], 
    "pb-IF49UREFLQ==": [
        "spunkyidio"
    ], 
    "pb-IF49URYCUQ==": [
        "RebelUse91"
    ], 
    "pb-IF49UWgJFw==": [
        "SoundSquid"
    ], 
    "pb-IF49UWkSEw==": [
        "Boom3819"
    ], 
    "pb-IF49UWlfCw==": [
        "HeroicSunl"
    ], 
    "pb-IF49V0ISVg==": [
        "zabilha10"
    ], 
    "pb-IF4AU29cUA==": [
        "Android62145941"
    ], 
    "pb-IF4AUFQ9UA==": [
        "NoName8451188"
    ], 
    "pb-IF4AUFYhVA==": [
        "StarTulip6"
    ], 
    "pb-IF4AUFdZLw==": [
        "Nirvair"
    ], 
    "pb-IF4AUGU4UA==": [
        "FreshVoid5"
    ], 
    "pb-IF4AUGVYAA==": [
        "IDHfriends", 
        "Unknown666"
    ], 
    "pb-IF4AUHVbLw==": [
        "N00bPixie4"
    ], 
    "pb-IF4AUHhYPQ==": [
        "EerieTenac"
    ], 
    "pb-IF4AUWdSUA==": [
        "NoName11241978"
    ], 
    "pb-IF4AUWgmIg==": [
        "EternalSn3"
    ], 
    "pb-IF4AUWkNAw==": [
        "AT0M1C"
    ], 
    "pb-IF4BURIvAg==": [
        "Android67276258"
    ], 
    "pb-IF4BURMdVg==": [
        "Claireex"
    ], 
    "pb-IF4BUWkGUQ==": [
        "Inflam1455"
    ], 
    "pb-IF4BUWkNKA==": [
        "Unrecog873"
    ], 
    "pb-IF4BVFocNw==": [
        "Infanti137"
    ], 
    "pb-IF4CUFElIw==": [
        "Ludicr1448"
    ], 
    "pb-IF4CUFkSNA==": [
        "Android67092129"
    ], 
    "pb-IF4CUGkuMA==": [
        "StaleCatch"
    ], 
    "pb-IF4CURYfKA==": [
        "OrnateBack"
    ], 
    "pb-IF4CUWNbIg==": [
        "DreadedCan"
    ], 
    "pb-IF4CUWoDMQ==": [
        "mikoda2021"
    ], 
    "pb-IF4CUhBdFA==": [
        "PC351885"
    ], 
    "pb-IF4CUmQlUw==": [
        "Thunderg39"
    ], 
    "pb-IF4CVVYHFA==": [
        "NoName65568b"
    ], 
    "pb-IF4DUE4mMA==": [
        "ayushkum18"
    ], 
    "pb-IF4DUEkaEg==": [
        "Sympath526"
    ], 
    "pb-IF4DUFobKQ==": [
        "Android67143031"
    ], 
    "pb-IF4DURIfFA==": [
        "Android67281264"
    ], 
    "pb-IF4DUWM6Fw==": [
        "ConcaveAmb"
    ], 
    "pb-IF4DUWUBCg==": [
        "Devion"
    ], 
    "pb-IF4DUWUnPA==": [
        "Marzipan31"
    ], 
    "pb-IF4DUWZdPA==": [
        "ShadikPG"
    ], 
    "pb-IF4DUWonLQ==": [
        "PlainDewDP"
    ], 
    "pb-IF4DUk8kBg==": [
        "HawtManage"
    ], 
    "pb-IF4DVHUSHw==": [
        "MrSngm"
    ], 
    "pb-IF4DVXk9KA==": [
        "BerenBengu"
    ], 
    "pb-IF4FNFAd": [
        "SleepyJuni"
    ], 
    "pb-IF4FUHhaCg==": [
        "Android65887245"
    ], 
    "pb-IF4FURlZNg==": [
        "Android67514557"
    ], 
    "pb-IF4FUWY6Bw==": [
        "Android67651656"
    ], 
    "pb-IF4FUWZZEA==": [
        "MrMeantFor"
    ], 
    "pb-IF4FUWggJg==": [
        "Semicir628"
    ], 
    "pb-IF4FUWlfPw==": [
        "SHEEZO"
    ], 
    "pb-IF4FUmEGAw==": [
        "NastyLibr2"
    ], 
    "pb-IF4FVHgiEg==": [
        "Impenet474"
    ], 
    "pb-IF4FVUshCA==": [
        "IanCarlPla"
    ], 
    "pb-IF4GU0oFHA==": [
        "RashLiquid"
    ], 
    "pb-IF4GUGMPFQ==": [
        "PC913532"
    ], 
    "pb-IF4GUGYMKw==": [
        "ArhamShaya"
    ], 
    "pb-IF4GUGkMFg==": [
        "hellominij"
    ], 
    "pb-IF4GUWEIXQ==": [
        "Android67529224"
    ], 
    "pb-IF4GUxUZKg==": [
        "DexTerOu26"
    ], 
    "pb-IF4GV2gaJA==": [
        "Trampl1092"
    ], 
    "pb-IF4GVVMxBw==": [
        "PcExa"
    ], 
    "pb-IF4GVWYqFA==": [
        "NoName11600439"
    ], 
    "pb-IF4HAHUO": [
        "PIRATE8"
    ], 
    "pb-IF4HU1AiIA==": [
        "ABDO76hd"
    ], 
    "pb-IF4HUBARLQ==": [
        "UpcomingFr"
    ], 
    "pb-IF4HUFoDNQ==": [
        "Unreas1102"
    ], 
    "pb-IF4HUWYdCw==": [
        "AmmarBinYa"
    ], 
    "pb-IF4HUWcNIg==": [
        "Android67664116"
    ], 
    "pb-IF4HUWldFA==": [
        "Threate915"
    ], 
    "pb-IF4HUWoJCg==": [
        "Caffei1363"
    ], 
    "pb-IF4HUWomFA==": [
        "Purita1177"
    ], 
    "pb-IF4HUWosFg==": [
        "zinshi22"
    ], 
    "pb-IF4HUhFYKw==": [
        "NetTarget7"
    ], 
    "pb-IF4IU2oKLQ==": [
        "Android61768433"
    ], 
    "pb-IF4IUGIeNg==": [
        "HariPorcup"
    ], 
    "pb-IF4IURVeJA==": [
        "Android67384080"
    ], 
    "pb-IF4IURkOCw==": [
        "FoolishR60"
    ], 
    "pb-IF4IUWI6MQ==": [
        "BulkyBag79"
    ], 
    "pb-IF4IUWMIDQ==": [
        "Android67590677"
    ], 
    "pb-IF4IUWYnMg==": [
        "Android67648597"
    ], 
    "pb-IF4IUWctBw==": [
        "ReyjisReyh"
    ], 
    "pb-IF4IUWksMg==": [
        "Android67107042"
    ], 
    "pb-IF4IUm0lVw==": [
        "ApkiAmi"
    ], 
    "pb-IF4IUnYuUw==": [
        "ashik7845"
    ], 
    "pb-IF4IUxhSKQ==": [
        "Talhathete"
    ], 
    "pb-IF4IVFAZKA==": [
        "vishnukum3"
    ], 
    "pb-IF4IVUICEg==": [
        "DhoraliyaV"
    ], 
    "pb-IF4IVUVTLA==": [
        "DazedBers3"
    ], 
    "pb-IF4IVXINHQ==": [
        "NoName9739468"
    ], 
    "pb-IF4JU1AHKQ==": [
        "HUSPERKER"
    ], 
    "pb-IF4JU1YgLw==": [
        "SrinidhiDS"
    ], 
    "pb-IF4JUFYnPQ==": [
        "GODLfaiz"
    ], 
    "pb-IF4JUGw4Cw==": [
        "PoorestOu2"
    ], 
    "pb-IF4JUWECVA==": [
        "Android67545106"
    ], 
    "pb-IF4JUWEJBw==": [
        "KingAhead6"
    ], 
    "pb-IF4JUWU4MQ==": [
        "Android67623422"
    ], 
    "pb-IF4JUWoiAQ==": [
        "Adorab1062"
    ], 
    "pb-IF4JUnIPNA==": [
        "Unenvia856"
    ], 
    "pb-IF4JVFA6LQ==": [
        "HELL502LOR"
    ], 
    "pb-IF4JVRcEVA==": [
        "Cheris1923"
    ], 
    "pb-IF4KU1McAA==": [
        "Unbreaka97"
    ], 
    "pb-IF4KU1UBVw==": [
        "WoodenRock"
    ], 
    "pb-IF4KUBQFJA==": [
        "PC591985"
    ], 
    "pb-IF4KUHoeIQ==": [
        "PC981655"
    ], 
    "pb-IF4KUWcOHQ==": [
        "nozeeee772"
    ], 
    "pb-IF4KUWpYPA==": [
        "Remarka936"
    ], 
    "pb-IF4KVBQ6LA==": [
        "PinakSK29"
    ], 
    "pb-IF4KVRNfFw==": [
        "Humanit315"
    ], 
    "pb-IF4KVXBYEQ==": [
        "StormyList"
    ], 
    "pb-IF4LUFEMBw==": [
        "NoName8202053"
    ], 
    "pb-IF4LUGEzLg==": [
        "QuickestL7"
    ], 
    "pb-IF4LURJTCg==": [
        "RinkuKumar"
    ], 
    "pb-IF4LUWk9Kg==": [
        "InvoluntaryMajesty23"
    ], 
    "pb-IF4LUWkMUg==": [
        "Primiti762"
    ], 
    "pb-IF4LUk8KPQ==": [
        "PubgGuardi"
    ], 
    "pb-IF4LUmo7XQ==": [
        "AbysmalSa4"
    ], 
    "pb-IF4LV0NSUg==": [
        "GhastlyWin"
    ], 
    "pb-IF4LV1UEKg==": [
        "Laughab701"
    ], 
    "pb-IF4LV1UsFw==": [
        "DEXTEROZzz"
    ], 
    "pb-IF4LVWJeJg==": [
        "Antedil127"
    ], 
    "pb-IF4MPxAk": [
        "OPFORMULLX"
    ], 
    "pb-IF4MU0U6EQ==": [
        "AJDevil002"
    ], 
    "pb-IF4MUFZZIg==": [
        "Android66935772"
    ], 
    "pb-IF4MUGRfDQ==": [
        "FoundingTi"
    ], 
    "pb-IF4MURUFEw==": [
        "Android67405717"
    ], 
    "pb-IF4MURUgVw==": [
        "Android67385592"
    ], 
    "pb-IF4MUWYiIg==": [
        "Android66608759"
    ], 
    "pb-IF4MUWcxFg==": [
        "DualMalice"
    ], 
    "pb-IF4MUWpbXQ==": [
        "JAKESPARAW"
    ], 
    "pb-IF4MVGcmIA==": [
        "alfin740ID"
    ], 
    "pb-IF4MXhAu": [
        "affan39"
    ], 
    "pb-IF4NChEc": [
        "TallPhant5"
    ], 
    "pb-IF4NUBYHBA==": [
        "SlimyCrit2"
    ], 
    "pb-IF4NUEkjFA==": [
        "Android66395639"
    ], 
    "pb-IF4NUWZcPQ==": [
        "Empiric969"
    ], 
    "pb-IF4NUWhdDQ==": [
        "NoNameB11481708"
    ], 
    "pb-IF4NUWhfIw==": [
        "Android67685041"
    ], 
    "pb-IF4NUWk-Mw==": [
        "JordernDey"
    ], 
    "pb-IF4NUWk9Pw==": [
        "Chisele968"
    ], 
    "pb-IF4NUWkFNQ==": [
        "Softmaple1"
    ], 
    "pb-IF4NUxJcAg==": [
        "FittingPl2"
    ], 
    "pb-IF4NV1AMLA==": [
        "nehalhasan"
    ], 
    "pb-IF4NV21eEQ==": [
        "YEAGERDERD"
    ], 
    "pb-IF4OU2pdUg==": [
        "Pikaray967"
    ], 
    "pb-IF4OURUYPQ==": [
        "Indiscr967"
    ], 
    "pb-IF4OUWMfIw==": [
        "PervySage5"
    ], 
    "pb-IF4OUWYJMQ==": [
        "gojosatu18"
    ], 
    "pb-IF4OUWoiVw==": [
        "Ebulli1693"
    ], 
    "pb-IF4OUhIsUA==": [
        "sambadguy2"
    ], 
    "pb-IF4OUkkuVg==": [
        "mrjaswanth"
    ], 
    "pb-IF4PU0gdJw==": [
        "BLEEDLORD2"
    ], 
    "pb-IF4PU1IjNQ==": [
        "Dauntles23"
    ], 
    "pb-IF4PUEsvVg==": [
        "D7acu"
    ], 
    "pb-IF4PUFojUg==": [
        "Android67118793"
    ], 
    "pb-IF4PUWNYNw==": [
        "Android67568695"
    ], 
    "pb-IF4PUWY5VA==": [
        "Sectora526"
    ], 
    "pb-IF4PUWdZAw==": [
        "Android67652990"
    ], 
    "pb-IF4PUhEcUQ==": [
        "ᎥﾑᎥ"
    ], 
    "pb-IF4PUhUoIA==": [
        "Habibibi"
    ], 
    "pb-IF4PUk1bXA==": [
        "RottenNomi"
    ], 
    "pb-IF4PUlhcIA==": [
        "LazyPitch1"
    ], 
    "pb-IF4PVBA9DQ==": [
        "Satiric526"
    ], 
    "pb-IF4PVFYTAQ==": [
        "mansseyerg"
    ], 
    "pb-IF4QCGc=": [
        "BouncyAcc3"
    ], 
    "pb-IF4QU0UOFg==": [
        "Unchangin8"
    ], 
    "pb-IF4QU0ksMQ==": [
        "Burfi"
    ], 
    "pb-IF4QU1YpXQ==": [
        "Frightfu76"
    ], 
    "pb-IF4QUGsGLQ==": [
        "ParPressur"
    ], 
    "pb-IF4QUHIfEg==": [
        "QuarterEx8"
    ], 
    "pb-IF4QUHIxMg==": [
        "Anaskhan"
    ], 
    "pb-IF4QURc-MA==": [
        "AgreedFire"
    ], 
    "pb-IF4QURcgDg==": [
        "Android66872972"
    ], 
    "pb-IF4QURkFCw==": [
        "Android67524606"
    ], 
    "pb-IF4QUWdTJg==": [
        "TheCanary"
    ], 
    "pb-IF4QUWpbKQ==": [
        "jxyaaa"
    ], 
    "pb-IF4RUFoCLA==": [
        "Sai143v"
    ], 
    "pb-IF4RUGgtEg==": [
        "NoNameC3696427"
    ], 
    "pb-IF4RUHBeAg==": [
        "Android67614203"
    ], 
    "pb-IF4RUHc9Iw==": [
        "Android65821810"
    ], 
    "pb-IF4RURQlVg==": [
        "SuppleHem7"
    ], 
    "pb-IF4RUWcJAw==": [
        "blackmagic"
    ], 
    "pb-IF4RUWgSUw==": [
        "SouthernRi"
    ], 
    "pb-IF4SF0Em": [
        "MuddyJoker"
    ], 
    "pb-IF4SU0wDJA==": [
        "PR0TITAN"
    ], 
    "pb-IF4SUFE5Vw==": [
        "HairyDiffu"
    ], 
    "pb-IF4SUFgHMw==": [
        "Artasukipa"
    ], 
    "pb-IF4SURRYIQ==": [
        "NOBODY7"
    ], 
    "pb-IF4SUWQpXQ==": [
        "hosenhanso"
    ], 
    "pb-IF4SUWY_Cw==": [
        "Deduct1771"
    ], 
    "pb-IF4SUWc8LQ==": [
        "Legend2653"
    ], 
    "pb-IF4SUhIvVg==": [
        "ChadMane"
    ], 
    "pb-IF4SUlFfLQ==": [
        "PalerHalve"
    ], 
    "pb-IF4SV1lZAQ==": [
        "FIRETIGER"
    ], 
    "pb-IF4SVE8cHQ==": [
        "ChillyExcu"
    ], 
    "pb-IF4SVRkaHQ==": [
        "IMPERIALX9"
    ], 
    "pb-IF4SVVAdVA==": [
        "Certifi249"
    ], 
    "pb-IF4SVW4AUA==": [
        "Goshtrider"
    ], 
    "pb-IF4SVWkiUg==": [
        "Diplom1023", 
        "PR0FESS0R"
    ], 
    "pb-IF4TUBdbAg==": [
        "Worriso235"
    ], 
    "pb-IF4TUFczFA==": [
        "cun0412"
    ], 
    "pb-IF4TUG0TPw==": [
        "GrownSquad"
    ], 
    "pb-IF4TUGYEUw==": [
        "MICHEALAJI"
    ], 
    "pb-IF4TURAMVQ==": [
        "Kunlyaa06"
    ], 
    "pb-IF4TURMmBw==": [
        "Interna580"
    ], 
    "pb-IF4TURdfLg==": [
        "HeedledVal"
    ], 
    "pb-IF4TUWc4KQ==": [
        "omkarpande"
    ], 
    "pb-IF4TUWkTNA==": [
        "PC1032690"
    ], 
    "pb-IF4TUWpaEQ==": [
        "UpwardDepu"
    ], 
    "pb-IF4TVHkMLw==": [
        "Quess"
    ], 
    "pb-IF4UFGw9": [
        "dmramoliya"
    ], 
    "pb-IF4UU2Y7Eg==": [
        "Android61304556"
    ], 
    "pb-IF4UU2wvUA==": [
        "AMB4324"
    ], 
    "pb-IF4UUEgGCA==": [
        "tanmaysank"
    ], 
    "pb-IF4UUFE8AQ==": [
        "Secreti757"
    ], 
    "pb-IF4UURMOMQ==": [
        "Android67312593"
    ], 
    "pb-IF4UUWUCCw==": [
        "FoolishSem"
    ], 
    "pb-IF4UUWcqLA==": [
        "Android67657598"
    ], 
    "pb-IF4UUWolDg==": [
        "Residua104"
    ], 
    "pb-IF4UUhAf": [
        "Rocky45"
    ], 
    "pb-IF4UVVEBIg==": [
        "Valueles24"
    ], 
    "pb-IF4UVWhfMQ==": [
        "Android47849916"
    ], 
    "pb-IF4VMWoJ": [
        "YDJ"
    ], 
    "pb-IF4VU3gsKw==": [
        "ToughRatt2"
    ], 
    "pb-IF4VUE0JAw==": [
        "Outdate442"
    ], 
    "pb-IF4VUE8ZFw==": [
        "Android66627954"
    ], 
    "pb-IF4VUEsbCw==": [
        "Android66962039"
    ], 
    "pb-IF4VURIGJg==": [
        "Satiric911"
    ], 
    "pb-IF4VUWIEMg==": [
        "ForeignSam"
    ], 
    "pb-IF4VUWpSAQ==": [
        "RegalFlame"
    ], 
    "pb-IF4VUWpcKA==": [
        "yanamulya2"
    ], 
    "pb-IF4VUhk5VA==": [
        "SevenDefen"
    ], 
    "pb-IF4VVWxfEA==": [
        "Jsklord"
    ], 
    "pb-IF4WLnYu": [
        "Excited109"
    ], 
    "pb-IF4WUBQOMA==": [
        "Unabated62"
    ], 
    "pb-IF4WUEEeUA==": [
        "Jord0rwot"
    ], 
    "pb-IF4WUFo9KA==": [
        "HaggardLib"
    ], 
    "pb-IF4WURcHLg==": [
        "timaKil777"
    ], 
    "pb-IF4WURkvHA==": [
        "Masterss20"
    ], 
    "pb-IF4WUWUZKA==": [
        "Screec1699"
    ], 
    "pb-IF4WUWVfXQ==": [
        "Matchle880"
    ], 
    "pb-IF4WUWc5AQ==": [
        "NoName11232509"
    ], 
    "pb-IF4WUWcdUQ==": [
        "HumblerStr"
    ], 
    "pb-IF4WUWclCw==": [
        "Legitim958"
    ], 
    "pb-IF4XCGgy": [
        "Har223"
    ], 
    "pb-IF4XMRce": [
        "PC1032151"
    ], 
    "pb-IF4XU0MmJw==": [
        "Android67073502"
    ], 
    "pb-IF4XUFFeKQ==": [
        "Android66652865"
    ], 
    "pb-IF4XUGInCw==": [
        "AdverseBal"
    ], 
    "pb-IF4XUWFTDg==": [
        "NoNameA10384768"
    ], 
    "pb-IF4XUWZcCw==": [
        "Android67623090"
    ], 
    "pb-IF4XUWdZNA==": [
        "PrivyProgr"
    ], 
    "pb-IF4XUWoEEg==": [
        "Kaustubh69"
    ], 
    "pb-IF4XUWoeCQ==": [
        "LimpidBewi"
    ], 
    "pb-IF4XUxcnKA==": [
        "NoName10360427"
    ], 
    "pb-IF4XVRU5FA==": [
        "CrazedOver"
    ], 
    "pb-IF4cIGYH": [
        "TOOWEIRD4U"
    ], 
    "pb-IF4cU0QKJA==": [
        "UselessMor"
    ], 
    "pb-IF4cU3oqCg==": [
        "WHITESHARK"
    ], 
    "pb-IF4cUEcxFQ==": [
        "Winter07"
    ], 
    "pb-IF4cUGYyJg==": [
        "Notewor297"
    ], 
    "pb-IF4cURUEKg==": [
        "MenialGroa"
    ], 
    "pb-IF4cUWYMEg==": [
        "Farthest41"
    ], 
    "pb-IF4cVG05CQ==": [
        "FauxLion35"
    ], 
    "pb-IF4cVRgTMg==": [
        "SmartestCi"
    ], 
    "pb-IF4dU0UuHw==": [
        "Idealis980"
    ], 
    "pb-IF4dUBUYLw==": [
        "GrossDrawe"
    ], 
    "pb-IF4dUE8jFQ==": [
        "Android66614307"
    ], 
    "pb-IF4dUGUHCw==": [
        "Undeser563"
    ], 
    "pb-IF4dUHIBKw==": [
        "Fictiti477"
    ], 
    "pb-IF4dUWEJLA==": [
        "WildestAct"
    ], 
    "pb-IF4dUWQDHQ==": [
        "PurplishOc"
    ], 
    "pb-IF4dUWcsKw==": [
        "Obstruc828"
    ], 
    "pb-IF4dUWgcLw==": [
        "PervyySage"
    ], 
    "pb-IF4dUWheMQ==": [
        "NoNameB11394491"
    ], 
    "pb-IF4dUWkALQ==": [
        "LouventKra"
    ], 
    "pb-IF4dUWo7NQ==": [
        "Impass1042"
    ], 
    "pb-IF4dUWpSMA==": [
        "UsedPreva2"
    ], 
    "pb-IF4dV0wYKQ==": [
        "CrimsonHit"
    ], 
    "pb-IF4dVUNTFw==": [
        "THEDRAGONH"
    ], 
    "pb-IF4dVUw8KA==": [
        "OwnPerusal"
    ], 
    "pb-IF4eUFFdBg==": [
        "Android66658374"
    ], 
    "pb-IF4eURMRJw==": [
        "Hussein219"
    ], 
    "pb-IF4eUWoDFg==": [
        "MeanConfir"
    ], 
    "pb-IF4eUWoiBA==": [
        "Judicio882"
    ], 
    "pb-IF4eV1IeDw==": [
        "NoName71928f"
    ], 
    "pb-IF4eVUQpJw==": [
        "Shocked130"
    ], 
    "pb-IF4eVWUGVA==": [
        "Android67643942"
    ], 
    "pb-IF4gAlUn": [
        "Arbaz3037"
    ], 
    "pb-IF4gU2UFMA==": [
        "DarkPropri"
    ], 
    "pb-IF4gUWVTIA==": [
        "PROCJ7"
    ], 
    "pb-IF4gUWhcFA==": [
        "Literar539"
    ], 
    "pb-IF4gUklTAA==": [
        "AryaSamyak"
    ], 
    "pb-IF4gUnQ4AA==": [
        "YoungestRo"
    ], 
    "pb-IF4hU3YgLA==": [
        "Cheetah12a"
    ], 
    "pb-IF4hUBMMEQ==": [
        "cricket"
    ], 
    "pb-IF4hUGNaUw==": [
        "Inadver222"
    ], 
    "pb-IF4hURgzDA==": [
        "Android67519427"
    ], 
    "pb-IF4hURlTLw==": [
        "Braind1788"
    ], 
    "pb-IF4hUWMGEw==": [
        "Workable45"
    ], 
    "pb-IF4hUWQzAg==": [
        "ThirtyPlag"
    ], 
    "pb-IF4hUWUoNA==": [
        "Aforesa708"
    ], 
    "pb-IF4hUWYdUQ==": [
        "Dev1830"
    ], 
    "pb-IF4hUWcGMw==": [
        "Gargan1713"
    ], 
    "pb-IF4hUWkiVA==": [
        "Infin8kill"
    ], 
    "pb-IF4hV1cmHA==": [
        "ironman3md"
    ], 
    "pb-IF4hVEYAEA==": [
        "DistantCu2"
    ], 
    "pb-IF4hVXAfEA==": [
        "LightSoldi"
    ], 
    "pb-IF4iU0ITUw==": [
        "Android63452614"
    ], 
    "pb-IF4iUFZfVg==": [
        "Enforce615"
    ], 
    "pb-IF4iUG0kBw==": [
        "KJ7"
    ], 
    "pb-IF4iUkkjAQ==": [
        "sciple40o"
    ], 
    "pb-IF4iUm0HEA==": [
        "OdiousAccu"
    ], 
    "pb-IF4iUxI8JA==": [
        "Farihahaha"
    ], 
    "pb-IF4iVFBbDA==": [
        "djankit857"
    ], 
    "pb-IF4iVWFfKQ==": [
        "saumyak230"
    ], 
    "pb-IF4iXllc": [
        "LunarGangs"
    ], 
    "pb-IF4jDXcq": [
        "GratefulPo"
    ], 
    "pb-IF4jU006CA==": [
        "YawningLe5"
    ], 
    "pb-IF4jUEgRNQ==": [
        "DonDoops"
    ], 
    "pb-IF4jURgGVA==": [
        "CrypticFra"
    ], 
    "pb-IF4jUWIlUg==": [
        "HiddenCo13"
    ], 
    "pb-IF4jUWQHUg==": [
        "katorse112"
    ], 
    "pb-IF4jV0gxKw==": [
        "EatingNewc"
    ], 
    "pb-IF4jVFY6VA==": [
        "MildCoope2"
    ], 
    "pb-IF4lHlYg": [
        "gowthamara"
    ], 
    "pb-IF4lI08x": [
        "aryan8434"
    ], 
    "pb-IF4lUBUFVQ==": [
        "Android66553595"
    ], 
    "pb-IF4lUFIyEw==": [
        "RaucousHa9"
    ], 
    "pb-IF4lUGoyMg==": [
        "Capacio365"
    ], 
    "pb-IF4lURQIPA==": [
        "Taser202"
    ], 
    "pb-IF4lURYTVg==": [
        "SkilledSui"
    ], 
    "pb-IF4lUWQuDA==": [
        "Unequiv727"
    ], 
    "pb-IF4lUWUEHw==": [
        "ResoluteDi"
    ], 
    "pb-IF4lUWopVw==": [
        "PiquantP29"
    ], 
    "pb-IF4lUWoxMw==": [
        "ITACHIU221"
    ], 
    "pb-IF4mU2IvCg==": [
        "FlyingDitc"
    ], 
    "pb-IF4mU3gZEA==": [
        "Salarie519"
    ], 
    "pb-IF4mUBAvCg==": [
        "Discord156"
    ], 
    "pb-IF4mUEIbBw==": [
        "DEMON174"
    ], 
    "pb-IF4mURlYUQ==": [
        "StirCr1550"
    ], 
    "pb-IF4mUWQJIA==": [
        "karizRaza"
    ], 
    "pb-IF4mUWgYVQ==": [
        "Stupen1017"
    ], 
    "pb-IF4mUWkCFw==": [
        "RelatedFe6"
    ], 
    "pb-IF4mUWkkXA==": [
        "krishna987"
    ], 
    "pb-IF4mUWkoKQ==": [
        "Happies486"
    ], 
    "pb-IF4mUWlbAw==": [
        "Bannagame2"
    ], 
    "pb-IF4mVXExVA==": [
        "Android49369628"
    ], 
    "pb-IF4nU1A_Ag==": [
        "YtSoni"
    ], 
    "pb-IF4nU1MBLQ==": [
        "Firsthan47"
    ], 
    "pb-IF4nU1USNQ==": [
        "Unicorn"
    ], 
    "pb-IF4nUE0kAA==": [
        "Calamit628"
    ], 
    "pb-IF4nUE48VQ==": [
        "Android66561808"
    ], 
    "pb-IF4nUE4OFg==": [
        "Stunnin16"
    ], 
    "pb-IF4nUHUEIA==": [
        "Amirgame16"
    ], 
    "pb-IF4nURcJFg==": [
        "YOOSUF110"
    ], 
    "pb-IF4nUWU-UA==": [
        "Android67615109"
    ], 
    "pb-IF4nUWU4Kw==": [
        "gamerpartu"
    ], 
    "pb-IF4nUWYnVg==": [
        "RedGlamour"
    ], 
    "pb-IF4nUWc_HQ==": [
        "Android67659236"
    ], 
    "pb-IF4nUWkSUw==": [
        "RemoteCorp"
    ], 
    "pb-IF4nV2MiCQ==": [
        "yuvimmmm"
    ], 
    "pb-IF4nVUZbVQ==": [
        "BrickMatte"
    ], 
    "pb-IF4oU1ggDg==": [
        "Android64325372"
    ], 
    "pb-IF4oU1oiFA==": [
        "Proximal25"
    ], 
    "pb-IF4oUHUyNA==": [
        "CleanAdver"
    ], 
    "pb-IF4oUHktEA==": [
        "Android65937042"
    ], 
    "pb-IF4oURJYJw==": [
        "MotiveCo19"
    ], 
    "pb-IF4oUWcyDQ==": [
        "PowerPanth"
    ], 
    "pb-IF4oUWghUg==": [
        "Profoun302"
    ], 
    "pb-IF4oV20_LA==": [
        "CrinklyP35"
    ], 
    "pb-IF4oV3UCHw==": [
        "Irregul484"
    ], 
    "pb-IF4pU1NSUg==": [
        "InsaneAgen"
    ], 
    "pb-IF4pUE4SAA==": [
        "Puritan805"
    ], 
    "pb-IF4pUFEGIg==": [
        "NightOG7"
    ], 
    "pb-IF4pURETIg==": [
        "FickleCous"
    ], 
    "pb-IF4pURcaIg==": [
        "Palliat831"
    ], 
    "pb-IF4pUWknBA==": [
        "Android67686367"
    ], 
    "pb-IF4pUWo4VQ==": [
        "Mystical11"
    ], 
    "pb-IF4pUxkdPA==": [
        "Bleating66"
    ], 
    "pb-IF4pV1BSIQ==": [
        "krisaba108"
    ], 
    "pb-IF4pVBcKKg==": [
        "ExiaT2"
    ], 
    "pb-IF4qU1Y_Uw==": [
        "FinitePros"
    ], 
    "pb-IF4qUBkcNw==": [
        "labbu3456"
    ], 
    "pb-IF4qUHFcNQ==": [
        "GreenAcqua"
    ], 
    "pb-IF4qURczBw==": [
        "Mistake947"
    ], 
    "pb-IF4qUWIKNg==": [
        "deviShallo"
    ], 
    "pb-IF4qUWUdFw==": [
        "Android67623478"
    ], 
    "pb-IF4qUWcxAg==": [
        "SincereSti"
    ], 
    "pb-IF4qUWkIDQ==": [
        "Nerootos"
    ], 
    "pb-IF4qUkgzHw==": [
        "VinitKhanv"
    ], 
    "pb-IF4qUxkFDA==": [
        "MATELDA0"
    ], 
    "pb-IF4qVBQMIQ==": [
        "bhavanitir"
    ], 
    "pb-IF4rU1cGCw==": [
        "Ldblq"
    ], 
    "pb-IF4rUFZZNA==": [
        "Dramati687"
    ], 
    "pb-IF4rUFhYLQ==": [
        "SMOKEY"
    ], 
    "pb-IF4rUHUEKw==": [
        "Unsettl465"
    ], 
    "pb-IF4rUWgFKg==": [
        "Android67679644"
    ], 
    "pb-IF4rUWovBA==": [
        "NoNameC11625639"
    ], 
    "pb-IF4rUWpcPA==": [
        "TimelyRefu"
    ], 
    "pb-IF4rV2MuNg==": [
        "tasfinahme"
    ], 
    "pb-IF4sDVYb": [
        "harishkhat"
    ], 
    "pb-IF4sUBkKNQ==": [
        "Android64871693"
    ], 
    "pb-IF4sUFpTAA==": [
        "Android67150892"
    ], 
    "pb-IF4sURAoDg==": [
        "Unswerv789"
    ], 
    "pb-IF4sUREdDw==": [
        "Android53130388"
    ], 
    "pb-IF4sURJZIA==": [
        "Android67277934"
    ], 
    "pb-IF4sUWUhUQ==": [
        "HostileF26"
    ], 
    "pb-IF4sUWUqFg==": [
        "Detesta951"
    ], 
    "pb-IF4sUWZcPQ==": [
        "Adittt"
    ], 
    "pb-IF4sUWkDEg==": [
        "CuttingAli"
    ], 
    "pb-IF4sUWkJLA==": [
        "Magneti452"
    ], 
    "pb-IF4sUlQcKg==": [
        "Municip929"
    ], 
    "pb-IF4sUloSXA==": [
        "NecessaryK"
    ], 
    "pb-IF4sUmwhIg==": [
        "BubblyFarr"
    ], 
    "pb-IF4sV1YOVA==": [
        "DeeprajJI"
    ], 
    "pb-IF4tIkoI": [
        "morad9909"
    ], 
    "pb-IF4tMUEu": [
        "JumpingM45"
    ], 
    "pb-IF4tURZcEw==": [
        "Android67401636"
    ], 
    "pb-IF4tUWkgPA==": [
        "ScarryRush"
    ], 
    "pb-IF4tUWoxNQ==": [
        "Access1012"
    ], 
    "pb-IF4tUWpYKQ==": [
        "Vivek16200"
    ], 
    "pb-IF4tUkdbVw==": [
        "Unsigned24"
    ], 
    "pb-IF4tUkkJKw==": [
        "DANCERBOY"
    ], 
    "pb-IF4uAmw5": [
        "smitsomaiy"
    ], 
    "pb-IF4uUGkeVg==": [
        "goldfishbe"
    ], 
    "pb-IF4uUHUMLA==": [
        "ColderAqua"
    ], 
    "pb-IF4uUWMMAg==": [
        "MegaSadim9"
    ], 
    "pb-IF4uUWcFMA==": [
        "LegalEel88"
    ], 
    "pb-IF4uUWpdUA==": [
        "Putativ304"
    ], 
    "pb-IF4uVXoMAw==": [
        "Headstr710"
    ], 
    "pb-IF4vDmEo": [
        "Nxwarrior"
    ], 
    "pb-IF4vUBM7Ng==": [
        "Android64567911"
    ], 
    "pb-IF4vUGc8NA==": [
        "clorobite"
    ], 
    "pb-IF4vUHAaUw==": [
        "Android65480883"
    ], 
    "pb-IF4vUWEzFA==": [
        "ZeroTurmo2"
    ], 
    "pb-IF4vUkUOXA==": [
        "Asrofi143"
    ], 
    "pb-IF4vVG1aHQ==": [
        "SuryaKille"
    ], 
    "pb-IF4wAxcY": [
        "Irrelev298"
    ], 
    "pb-IF4wUFgKEA==": [
        "scrollo"
    ], 
    "pb-IF4wUWQNFg==": [
        "DANHQNG202"
    ], 
    "pb-IF4wUWhSBg==": [
        "Android66717240"
    ], 
    "pb-IF4wUWkPIg==": [
        "Darkgaming"
    ], 
    "pb-IF4wUWo9Ew==": [
        "destroy424"
    ], 
    "pb-IF4wUlk7PQ==": [
        "RankHoplit"
    ], 
    "pb-IF4wUxIoNg==": [
        "Android60152065"
    ], 
    "pb-IF4wV1BfUg==": [
        "hadi68316"
    ], 
    "pb-IF4xNGk9": [
        "AaDiii8"
    ], 
    "pb-IF4xUEMIPQ==": [
        "SmoothCar3"
    ], 
    "pb-IF4xUHkFUg==": [
        "Revolvi560"
    ], 
    "pb-IF4xUWUuHQ==": [
        "KAMUNATI"
    ], 
    "pb-IF4xUWcfMg==": [
        "Android67678572"
    ], 
    "pb-IF4xUWleHA==": [
        "Android67697014"
    ], 
    "pb-IF4xVxRfBA==": [
        "PureWeed"
    ], 
    "pb-IF4yMWxT": [
        "ExtremeG39"
    ], 
    "pb-IF4yUGcdVQ==": [
        "Proudes177"
    ], 
    "pb-IF4yUHRTIQ==": [
        "Sanctim128"
    ], 
    "pb-IF4yURcpAw==": [
        "A1246297Z"
    ], 
    "pb-IF4yURg6Bw==": [
        "Android67495370"
    ], 
    "pb-IF4yURgfNw==": [
        "Android67506477"
    ], 
    "pb-IF4yUWEBVg==": [
        "maddskilll"
    ], 
    "pb-IF4yUWUBPQ==": [
        "SneakyTr13"
    ], 
    "pb-IF4yUhJdEQ==": [
        "Fearsome50"
    ], 
    "pb-IF4yUk5bFw==": [
        "dnil1987"
    ], 
    "pb-IF4yVUUvCA==": [
        "Julitomix"
    ], 
    "pb-IF4yVVA8Bg==": [
        "thebaddest"
    ], 
    "pb-IF4zU0ogHA==": [
        "RainbowSub"
    ], 
    "pb-IF4zUE8TMg==": [
        "Android64290453"
    ], 
    "pb-IF4zUGddUQ==": [
        "SahilJaat"
    ], 
    "pb-IF4zUGtbBg==": [
        "FoolishCl4"
    ], 
    "pb-IF4zUHk_LA==": [
        "SternRider"
    ], 
    "pb-IF4zURgmMQ==": [
        "Finishe501"
    ], 
    "pb-IF4zUWI-Cw==": [
        "NoNameA10634262"
    ], 
    "pb-IF4zUWUNEg==": [
        "STRESSF927"
    ], 
    "pb-IF4zUWcnLQ==": [
        "Advent1424"
    ], 
    "pb-IF4zUWk_FQ==": [
        "Android67694959"
    ], 
    "pb-IF4zUWkuDQ==": [
        "Android67691262"
    ], 
    "pb-IF4zUWonVA==": [
        "Renowne104"
    ], 
    "pb-IF4zUWouUA==": [
        "pratik890"
    ], 
    "pb-IF4zUWoyBA==": [
        "Softmaple1"
    ], 
    "pb-IF4zVGsIUA==": [
        "Aakash1127"
    ], 
    "pb-IF5QAkca": [
        "Rockerzzzz"
    ], 
    "pb-IF5QJ1c7": [
        "LeeryGemi4"
    ], 
    "pb-IF5QU2QZCA==": [
        "Kukdoo7"
    ], 
    "pb-IF5QUBAdHQ==": [
        "Unquest157"
    ], 
    "pb-IF5QUBccKw==": [
        "Deepu11111"
    ], 
    "pb-IF5QUEs-JA==": [
        "BaapPLAYER"
    ], 
    "pb-IF5QUGshEQ==": [
        "StingyRuff"
    ], 
    "pb-IF5QURBcIA==": [
        "harsh6254"
    ], 
    "pb-IF5QURkkCw==": [
        "HighSodium"
    ], 
    "pb-IF5QUW0qCA==": [
        "TelltaleFl"
    ], 
    "pb-IF5QUWcSLA==": [
        "nacho44367"
    ], 
    "pb-IF5QUWoJDw==": [
        "StellarOb3"
    ], 
    "pb-IF5QUxBTVw==": [
        "CRISBEN666"
    ], 
    "pb-IF5RBHQ4": [
        "arkadeep98"
    ], 
    "pb-IF5RU1YfHw==": [
        "GalaxyBlas"
    ], 
    "pb-IF5RU2YtCg==": [
        "Mydad"
    ], 
    "pb-IF5RUFkAAA==": [
        "DroopyTr16"
    ], 
    "pb-IF5RUHMDAg==": [
        "Android65500783"
    ], 
    "pb-IF5RUWEkNA==": [
        "demaxton77"
    ], 
    "pb-IF5RUWkGUg==": [
        "AtrociousJ"
    ], 
    "pb-IF5RUWwPLw==": [
        "Android67705766"
    ], 
    "pb-IF5RUnVcPA==": [
        "Incredi503"
    ], 
    "pb-IF5SAm4_": [
        "Yoboygo69"
    ], 
    "pb-IF5SU3ZdVA==": [
        "Friendl283"
    ], 
    "pb-IF5SUFAOCw==": [
        "Mortal234"
    ], 
    "pb-IF5SUG4zXQ==": [
        "hii999"
    ], 
    "pb-IF5SUGM7Bg==": [
        "LilacOverl"
    ], 
    "pb-IF5SUHhfJA==": [
        "Nkhensanik"
    ], 
    "pb-IF5SURElLA==": [
        "SavorySpec"
    ], 
    "pb-IF5SURgzCA==": [
        "TokenInver"
    ], 
    "pb-IF5SUWdaCA==": [
        "Android67614892"
    ], 
    "pb-IF5SUWkiMw==": [
        "Needle1078"
    ], 
    "pb-IF5SUWtbBw==": [
        "Unblemi804"
    ], 
    "pb-IF5SVBEHCw==": [
        "HMgangster"
    ], 
    "pb-IF5SVRY5Eg==": [
        "Adversa490"
    ], 
    "pb-IF5TUHUiDA==": [
        "CopiousBug"
    ], 
    "pb-IF5TURMHEw==": [
        "InterimAut"
    ], 
    "pb-IF5TURkhDw==": [
        "IdyllicB15"
    ], 
    "pb-IF5TUWMqUQ==": [
        "KindestS16"
    ], 
    "pb-IF5TUmVYCw==": [
        "FuriousFa7"
    ], 
    "pb-IF5TVGcRNw==": [
        "RadicalDr8"
    ], 
    "pb-IF5TVWkENg==": [
        "FlabbyStr4"
    ], 
    "pb-IF5TVXIcAA==": [
        "thor5225c"
    ], 
    "pb-IF5TVxAjFA==": [
        "SquareCow2"
    ], 
    "pb-IF5UU0kKNg==": [
        "ShabbyAnar"
    ], 
    "pb-IF5UUEwiHw==": [
        "Kacchan"
    ], 
    "pb-IF5UUWUHFw==": [
        "PlaidLugga"
    ], 
    "pb-IF5UUWUOUQ==": [
        "AvailableCow45"
    ], 
    "pb-IF5UUWofDQ==": [
        "Jithu007"
    ], 
    "pb-IF5UUlgIVA==": [
        "QuirkyThie"
    ], 
    "pb-IF5UVBEKEw==": [
        "jorgemenMa"
    ], 
    "pb-IF5VU3VaHw==": [
        "BluEHatX"
    ], 
    "pb-IF5VUHQhUQ==": [
        "Rhapsod940"
    ], 
    "pb-IF5VURk5Mw==": [
        "Android67448126"
    ], 
    "pb-IF5VUWYmUw==": [
        "NoName10837355"
    ], 
    "pb-IF5VUWdfEQ==": [
        "Undese1698"
    ], 
    "pb-IF5VUWkzLg==": [
        "Sonu10OP"
    ], 
    "pb-IF5VUWoyPA==": [
        "Android67685390"
    ], 
    "pb-IF5VUkcmUA==": [
        "Precipit18"
    ], 
    "pb-IF5VUlYDHQ==": [
        "Android59349492"
    ], 
    "pb-IF5VUlgEBw==": [
        "DesultoryT"
    ], 
    "pb-IF5VVUsdKA==": [
        "Tolerab967"
    ], 
    "pb-IF5WU3ciDw==": [
        "NoNameB3850781"
    ], 
    "pb-IF5WUGFcIQ==": [
        "jasnoor921"
    ], 
    "pb-IF5WUHMqJg==": [
        "Adjusta418"
    ], 
    "pb-IF5WUWUkFg==": [
        "WantedSwo2"
    ], 
    "pb-IF5WUWsaAw==": [
        "Mutinous64"
    ], 
    "pb-IF5WV1UoIg==": [
        "HarshGogri"
    ], 
    "pb-IF5WV24JNQ==": [
        "BEastHunt3"
    ], 
    "pb-IF5XU3USKA==": [
        "BasicFurni"
    ], 
    "pb-IF5XUGQ6Hw==": [
        "PrivyCopy5"
    ], 
    "pb-IF5XUHAoNw==": [
        "Variega354"
    ], 
    "pb-IF5XUW0uUQ==": [
        "StoutRotat"
    ], 
    "pb-IF5XUWwBNA==": [
        "Android67705142"
    ], 
    "pb-IF5XUhQjPw==": [
        "Ahirat"
    ], 
    "pb-IF5XUxgFUg==": [
        "Android53397639"
    ], 
    "pb-IF5cU3koVQ==": [
        "mk12345"
    ], 
    "pb-IF5cUFIJUA==": [
        "GrownSuppl"
    ], 
    "pb-IF5cUHkdHw==": [
        "Venerab514"
    ], 
    "pb-IF5cURkZAQ==": [
        "MeanestIni"
    ], 
    "pb-IF5cUWUbLA==": [
        "AtomicSurg"
    ], 
    "pb-IF5cUWcOAQ==": [
        "MyopicDre2"
    ], 
    "pb-IF5cUWkNVg==": [
        "Papabolk3"
    ], 
    "pb-IF5cVGNaIA==": [
        "SilverStr3"
    ], 
    "pb-IF5dUFcOAA==": [
        "Unrecog650"
    ], 
    "pb-IF5dUHZfDQ==": [
        "Inheren280"
    ], 
    "pb-IF5dUHgaEw==": [
        "Composi537"
    ], 
    "pb-IF5dURZTIg==": [
        "luckysoma1"
    ], 
    "pb-IF5dUWEzDA==": [
        "DastardlyO"
    ], 
    "pb-IF5dUWkjKA==": [
        "AmorousSha"
    ], 
    "pb-JiNJARBYV0NCWFdDGU5WXFZEEERXRVJK": [
        "CleanCrim3"
    ], 
    "pb-JiNJARBYXUREXFxBGEJRVFJGEkBaTldC": [
        "mohandhan2"
    ], 
    "pb-JiNJARBYXUpJXVdFGUJWXFJBEERcQFJD": [
        "DraSleek"
    ], 
    "pb-JiNJARBZVEFJXVpJEUBSU1VHFUdfQ1NK": [
        "FleshE1384"
    ], 
    "pb-JiNJARBaUkZAXFdHFUJVVlNKF0BXQ1NH": [
        "Foxey7x"
    ], 
    "pb-JiNJARBaVEpBXldHEEBVUFBBEURYQFBB": [
        "ScarredMar"
    ], 
    "pb-JiNJARBaVUNJWVlIFkZXXFJGEkBcRFJB": [
        "BARANI9234"
    ], 
    "pb-JiNJARBbVkdJXldJEENZVV1CEURZQFFG": [
        "AssHunter5"
    ], 
    "pb-JiNJARBcXEBEWl1HFE9UVlJCGUleRFRG": [
        "EerieHamm6"
    ], 
    "pb-JiNJARBdVUFFWlxBFkFVU1NAEEBZQlJB": [
        "SleepyChic"
    ], 
    "pb-JiNJARBdXERBVFtCEEZYUVxCFUBYQVVA": [
        "SilverArt5"
    ], 
    "pb-JiNJARBdXEZDWVxCE0VUV1VKEERYQ1FC": [
        "tanurag"
    ], 
    "pb-JiNJARBeUUdCWlhEFEdXV1dBFENeT1lH": [
        "yuvrajsi32"
    ], 
    "pb-JiNJARBfVEZAXlhAEkJZXVBHE0hXR1FE": [
        "Jho7nny"
    ], 
    "pb-JiNJARFYU0ZCWFZJEURVXF1GFEFeT1ZA": [
        "ZeniDroid"
    ], 
    "pb-JiNJARFYVUVAXVxEFE9XVVRLFkFfT1RG": [
        "EvilUncle3"
    ], 
    "pb-JiNJARFYXERGXFtDGEJUUFJBE0JZQ1NL": [
        "ShobanMaX8"
    ], 
    "pb-JiNJARFZVEZAWl9JF0FYU11DGUlWQVBF": [
        "GenuineT33"
    ], 
    "pb-JiNJARFZXEdDWFlDF0dQXVBAE0heQlZG": [
        "bhavikajud"
    ], 
    "pb-JiNJARFaUUNEVVlCE0NTVVFEEUFYT1NG": [
        "Trickste14"
    ], 
    "pb-JiNJARFaV0dCVV5GGUFVVlxEFkdaR1dK": [
        "HawtSpace1"
    ], 
    "pb-JiNJARFaVkFAXlZAFU9SVFRFEUFZTlJB": [
        "MIDHUNCKGA"
    ], 
    "pb-JiNJARFaVkdAXV1IFEdXU1JKGElcRlhE": [
        "AkshaySiva"
    ], 
    "pb-JiNJARFbUURHVV9BE0ZRXFREF0NXQldK": [
        "Larry10Pla"
    ], 
    "pb-JiNJARFbUUVGXF1DEU9TXV1DGUVfRFBK": [
        "IQsofy"
    ], 
    "pb-JiNJARFeVUtDVV1DF05VUlBLGUhYQFlA": [
        "deku7"
    ]
}