{"pb-IF4pUWo4VQ==": 30, "pb-IF5XU3USKA==": 10, "pb-IF42UFkyUA==": 30, "pb-IF4yURgfNw==": 10, "pb-IF5VU3VaHw==": 518, "pb-IF4gUklTAA==": 50, "pb-IF4eVWUGVA==": 30, "pb-IF4BURMdVg==": 10, "pb-IF4zU0ogHA==": 10, "pb-IF4SV1lZAQ==": 50, "pb-IF4QU0ksMQ==": 10, "pb-IF4NUWhfIw==": 20, "pb-IF4OUWMfIw==": 10, "pb-IF4BVFocNw==": 80, "pb-JiNJARBbVkdJXldJEENZVV1CEURZQFFG": 10, "pb-IF4tIkoI": 20, "pb-IF4hUWQzAg==": 10, "pb-IF4MPxAk": 10, "pb-IF4NV21eEQ==": 10, "pb-IF4NUEkjFA==": 10, "pb-IF4XU0MmJw==": 10, "pb-IF4sV1YOVA==": 20, "pb-JiNJARFbUURHVV9BE0ZRXFREF0NXQldK": 10, "pb-IF4vUBM7Ng==": 30, "pb-IF4lUBUFVQ==": 10, "pb-JiNJARBaUkZAXFdHFUJVVlNKF0BXQ1NH": 10, "pb-IF4MVGcmIA==": 10, "pb-IF42UWkfPQ==": 10, "pb-IF4yMWxT": 30, "pb-IF4PUlhcIA==": 10, "pb-IF48VU4cAA==": 20, "pb-IF4IURVeJA==": 10, "pb-IF4KU1McAA==": 190, "pb-IF5VUWdfEQ==": 10, "pb-IF4PUhEcUQ==": 50, "pb-IF4nVUZbVQ==": 10, "pb-IF4eVUQpJw==": 10, "pb-IF5SUG4zXQ==": 10, "pb-IF4CUmQlUw==": 10, "pb-IF4WUFo9KA==": 10, "pb-IF5RU1YfHw==": 40, "pb-IF4DUk8kBg==": 30, "pb-IF4LUFEMBw==": 20, "pb-IF43Uk9YEQ==": 150, "pb-IF4-J2cH": 10, "pb-IF4WUEEeUA==": 30, "pb-IF4wV1BfUg==": 20}