{"pb-IF4AUFQ9UA==": {"deaths": "45", "games": "8", "kills": "20", "rank": "59", "scores": "625"}, "pb-IF4zUWoyBA==": {"deaths": "9", "games": "1", "kills": "5", "rank": "258", "scores": "30"}, "pb-IF5RUWEkNA==": {"deaths": "41", "games": "2", "kills": "22", "rank": "100", "scores": "295"}, "pb-IF4lURQIPA==": {"deaths": "38", "games": "7", "kills": "38", "rank": "78", "scores": "445"}, "pb-IF4zUWonVA==": {"deaths": "10", "games": "5", "kills": "6", "rank": "157", "scores": "155"}, "pb-IF4SUFE5Vw==": {"deaths": "2", "games": "1", "kills": "1", "rank": "331", "scores": "5"}, "pb-IF4LURJTCg==": {"deaths": "2", "games": "1", "kills": "2", "rank": "303", "scores": "15"}, "pb-IF4XCGgy": {"deaths": "2", "games": "2", "kills": "1", "rank": "330", "scores": "5"}, "pb-IF4tIkoI": {"deaths": "1", "games": "1", "kills": "3", "rank": "292", "scores": "20"}, "pb-IF48UWMsIw==": {"deaths": "20", "games": "4", "kills": "12", "rank": "139", "scores": "190"}, "pb-IF4tUWkgPA==": {"deaths": "45", "games": "6", "kills": "31", "rank": "69", "scores": "535"}, "pb-IF4LUk8KPQ==": {"deaths": "2", "games": "2", "kills": "0", "rank": "359", "scores": "0"}, "pb-IF4eURMRJw==": {"deaths": "4", "games": "1", "kills": "1", "rank": "326", "scores": "5"}, "pb-IF4NV21eEQ==": {"deaths": "46", "games": "9", "kills": "38", "rank": "7", "scores": "2045"}, "pb-IF42UWkfPQ==": {"deaths": "15", "games": "4", "kills": "7", "rank": "185", "scores": "105"}, "pb-IF4LV1UsFw==": {"deaths": "13", "games": "2", "kills": "4", "rank": "267", "scores": "25"}, "pb-IF5cURkZAQ==": {"deaths": "25", "games": "5", "kills": "19", "rank": "163", "scores": "135"}, "pb-IF4oU1oiFA==": {"deaths": "140", "games": "31", "kills": "74", "rank": "6", "scores": "2190"}, "pb-IF4NUWkFNQ==": {"deaths": "9", "games": "5", "kills": "14", "rank": "121", "scores": "230"}, "pb-IF42Unc-HA==": {"deaths": "13", "games": "4", "kills": "9", "rank": "169", "scores": "125"}, "pb-IF4IVFAZKA==": {"deaths": "2", "games": "1", "kills": "0", "rank": "354", "scores": "0"}, "pb-IF43Uk9YEQ==": {"deaths": "183", "games": "44", "kills": "127", "rank": "5", "scores": "2315"}, "pb-IF4lHlYg": {"deaths": "3", "games": "1", "kills": "0", "rank": "349", "scores": "0"}, "pb-IF4IUWMIDQ==": {"deaths": "42", "games": "12", "kills": "12", "rank": "167", "scores": "125"}, "pb-IF4CUFElIw==": {"deaths": "1", "games": "1", "kills": "1", "rank": "319", "scores": "10"}, "pb-IF5XUhQjPw==": {"deaths": "1", "games": "1", "kills": "0", "rank": "373", "scores": "0"}, "pb-IF5TUWMqUQ==": {"deaths": "0", "games": "2", "kills": "0", "rank": "196", "scores": "100"}, "pb-IF4UUFE8AQ==": {"deaths": "33", "games": "11", "kills": "15", "rank": "119", "scores": "230"}, "pb-IF4vUBM7Ng==": {"deaths": "6", "games": "4", "kills": "1", "rank": "322", "scores": "5"}, "pb-IF4hUWQzAg==": {"deaths": "15", "games": "4", "kills": "11", "rank": "216", "scores": "75"}, "pb-IF4lUWopVw==": {"deaths": "4", "games": "1", "kills": "6", "rank": "91", "scores": "355"}, "pb-IF4uUWMMAg==": {"deaths": "4", "games": "1", "kills": "6", "rank": "256", "scores": "35"}, "pb-IF41URcFCg==": {"deaths": "0", "games": "1", "kills": "0", "rank": "383", "scores": "0"}, "pb-IF4xUWUuHQ==": {"deaths": "3", "games": "3", "kills": "0", "rank": "350", "scores": "0"}, "pb-IF4nU1USNQ==": {"deaths": "4", "games": "2", "kills": "4", "rank": "273", "scores": "25"}, "pb-IF4MVGcmIA==": {"deaths": "13", "games": "5", "kills": "13", "rank": "178", "scores": "115"}, "pb-IF4iUkkjAQ==": {"deaths": "53", "games": "11", "kills": "25", "rank": "81", "scores": "410"}, "pb-IF5XUHAoNw==": {"deaths": "1", "games": "1", "kills": "1", "rank": "332", "scores": "5"}, "pb-IF4AUGU4UA==": {"deaths": "4", "games": "2", "kills": "2", "rank": "309", "scores": "10"}, "pb-IF4JUWECVA==": {"deaths": "18", "games": "5", "kills": "7", "rank": "114", "scores": "260"}, "pb-IF43UREbIw==": {"deaths": "4", "games": "1", "kills": "2", "rank": "95", "scores": "315"}, "pb-IF4wUWo9Ew==": {"deaths": "61", "games": "14", "kills": "51", "rank": "67", "scores": "555"}, "pb-IF4HUWoJCg==": {"deaths": "45", "games": "4", "kills": "44", "rank": "65", "scores": "570"}, "pb-IF4DUWZdPA==": {"deaths": "4", "games": "1", "kills": "2", "rank": "300", "scores": "15"}, "pb-IF5WUHMqJg==": {"deaths": "2", "games": "1", "kills": "7", "rank": "243", "scores": "45"}, "pb-IF5SUWkiMw==": {"deaths": "26", "games": "8", "kills": "16", "rank": "72", "scores": "510"}, "pb-IF4QUWdTJg==": {"deaths": "4", "games": "1", "kills": "4", "rank": "176", "scores": "120"}, "pb-IF4eVWUGVA==": {"deaths": "2", "games": "1", "kills": "5", "rank": "170", "scores": "125"}, "pb-IF49UFkYHA==": {"deaths": "24", "games": "18", "kills": "52", "rank": "27", "scores": "1060"}, "pb-IF4mUWQJIA==": {"deaths": "6", "games": "1", "kills": "6", "rank": "251", "scores": "40"}, "pb-IF5TURMHEw==": {"deaths": "0", "games": "1", "kills": "0", "rank": "382", "scores": "0"}, "pb-IF4vDmEo": {"deaths": "0", "games": "1", "kills": "0", "rank": "388", "scores": "0"}, "pb-IF4UUWolDg==": {"deaths": "7", "games": "1", "kills": "0", "rank": "335", "scores": "0"}, "pb-IF4tURZcEw==": {"deaths": "3", "games": "1", "kills": "1", "rank": "317", "scores": "10"}, "pb-IF4KVBQ6LA==": {"deaths": "0", "games": "2", "kills": "0", "rank": "379", "scores": "0"}, "pb-IF48VU4cAA==": {"deaths": "27", "games": "10", "kills": "25", "rank": "126", "scores": "220"}, "pb-IF5QUGshEQ==": {"deaths": "22", "games": "5", "kills": "10", "rank": "113", "scores": "260"}, "pb-IF5SAm4_": {"deaths": "19", "games": "5", "kills": "18", "rank": "155", "scores": "155"}, "pb-IF4RURQlVg==": {"deaths": "22", "games": "2", "kills": "9", "rank": "213", "scores": "80"}, "pb-IF4VUEsbCw==": {"deaths": "23", "games": "8", "kills": "20", "rank": "70", "scores": "520"}, "pb-IF4-U1IHMw==": {"deaths": "6", "games": "2", "kills": "7", "rank": "249", "scores": "40"}, "pb-IF4CUmQlUw==": {"deaths": "58", "games": "15", "kills": "39", "rank": "60", "scores": "620"}, "pb-IF49UWkSEw==": {"deaths": "4", "games": "1", "kills": "1", "rank": "327", "scores": "5"}, "pb-IF4XUWdZNA==": {"deaths": "55", "games": "11", "kills": "36", "rank": "54", "scores": "665"}, "pb-IF4JVFA6LQ==": {"deaths": "7", "games": "1", "kills": "4", "rank": "234", "scores": "50"}, "pb-IF4yUhJdEQ==": {"deaths": "10", "games": "1", "kills": "9", "rank": "56", "scores": "655"}, "pb-IF4PUhEcUQ==": {"deaths": "216", "games": "97", "kills": "82", "rank": "12", "scores": "1530"}, "pb-IF4cUWYMEg==": {"deaths": "6", "games": "2", "kills": "8", "rank": "209", "scores": "85"}, "pb-JiNJARBdVUFFWlxBFkFVU1NAEEBZQlJB": {"deaths": "19", "games": "6", "kills": "10", "rank": "223", "scores": "65"}, "pb-JiNJARBaVEpBXldHEEBVUFBBEURYQFBB": {"deaths": "14", "games": "8", "kills": "17", "rank": "96", "scores": "310"}, "pb-IF5SURElLA==": {"deaths": "2", "games": "2", "kills": "2", "rank": "227", "scores": "60"}, "pb-IF4lURYTVg==": {"deaths": "13", "games": "4", "kills": "8", "rank": "140", "scores": "190"}, "pb-IF4uAmw5": {"deaths": "3", "games": "3", "kills": "3", "rank": "152", "scores": "165"}, "pb-IF4RUFoCLA==": {"deaths": "2", "games": "2", "kills": "0", "rank": "357", "scores": "0"}, "pb-IF4uUHUMLA==": {"deaths": "5", "games": "3", "kills": "3", "rank": "295", "scores": "15"}, "pb-IF4GU0oFHA==": {"deaths": "6", "games": "1", "kills": "5", "rank": "257", "scores": "35"}, "pb-IF5SU3ZdVA==": {"deaths": "4", "games": "6", "kills": "3", "rank": "287", "scores": "20"}, "pb-IF4AUWdSUA==": {"deaths": "24", "games": "5", "kills": "15", "rank": "180", "scores": "110"}, "pb-IF5TUmVYCw==": {"deaths": "4", "games": "2", "kills": "1", "rank": "188", "scores": "105"}, "pb-IF4DUWUBCg==": {"deaths": "50", "games": "4", "kills": "18", "rank": "39", "scores": "920"}, "pb-IF4dVUw8KA==": {"deaths": "4", "games": "3", "kills": "0", "rank": "346", "scores": "0"}, "pb-IF40UWcHFw==": {"deaths": "3", "games": "1", "kills": "1", "rank": "328", "scores": "5"}, "pb-JiNJARFaVkFAXlZAFU9SVFRFEUFZTlJB": {"deaths": "73", "games": "11", "kills": "41", "rank": "83", "scores": "395"}, "pb-JiNJARFaUUNEVVlCE0NTVVFEEUFYT1NG": {"deaths": "1", "games": "1", "kills": "0", "rank": "366", "scores": "0"}, "pb-IF4SVWkiUg==": {"deaths": "11", "games": "6", "kills": "4", "rank": "269", "scores": "25"}, "pb-IF4wUWQNFg==": {"deaths": "29", "games": "2", "kills": "9", "rank": "233", "scores": "50"}, "pb-IF4PUlhcIA==": {"deaths": "6", "games": "4", "kills": "0", "rank": "340", "scores": "0"}, "pb-IF41UWgzEQ==": {"deaths": "2", "games": "1", "kills": "0", "rank": "362", "scores": "0"}, "pb-IF4KU1McAA==": {"deaths": "378", "games": "88", "kills": "184", "rank": "1", "scores": "4935"}, "pb-IF4yUWUBPQ==": {"deaths": "0", "games": "1", "kills": "0", "rank": "377", "scores": "0"}, "pb-IF5dURZTIg==": {"deaths": "6", "games": "2", "kills": "4", "rank": "271", "scores": "25"}, "pb-IF4TURMmBw==": {"deaths": "19", "games": "2", "kills": "13", "rank": "159", "scores": "145"}, "pb-IF4-UGk_Dg==": {"deaths": "16", "games": "3", "kills": "8", "rank": "240", "scores": "45"}, "pb-IF4XUFFeKQ==": {"deaths": "9", "games": "3", "kills": "3", "rank": "179", "scores": "115"}, "pb-IF4sUmwhIg==": {"deaths": "24", "games": "6", "kills": "20", "rank": "52", "scores": "670"}, "pb-IF4lI08x": {"deaths": "11", "games": "2", "kills": "14", "rank": "145", "scores": "175"}, "pb-IF4PU0gdJw==": {"deaths": "4", "games": "2", "kills": "8", "rank": "230", "scores": "55"}, "pb-IF4dUBUYLw==": {"deaths": "11", "games": "6", "kills": "20", "rank": "85", "scores": "375"}, "pb-IF4cU3oqCg==": {"deaths": "42", "games": "10", "kills": "25", "rank": "35", "scores": "990"}, "pb-IF42UGsCNA==": {"deaths": "3", "games": "1", "kills": "4", "rank": "274", "scores": "25"}, "pb-IF4iUFZfVg==": {"deaths": "8", "games": "1", "kills": "5", "rank": "259", "scores": "30"}, "pb-IF4dVUNTFw==": {"deaths": "5", "games": "4", "kills": "1", "rank": "158", "scores": "155"}, "pb-IF4KVXBYEQ==": {"deaths": "4", "games": "1", "kills": "2", "rank": "299", "scores": "15"}, "pb-IF5TVxAjFA==": {"deaths": "1", "games": "1", "kills": "0", "rank": "368", "scores": "0"}, "pb-IF4PUhUoIA==": {"deaths": "6", "games": "2", "kills": "4", "rank": "235", "scores": "50"}, "pb-IF4dUWgcLw==": {"deaths": "40", "games": "8", "kills": "39", "rank": "88", "scores": "365"}, "pb-IF5QUEs-JA==": {"deaths": "10", "games": "4", "kills": "5", "rank": "211", "scores": "85"}, "pb-IF4UURMOMQ==": {"deaths": "15", "games": "4", "kills": "11", "rank": "131", "scores": "210"}, "pb-IF5SUFAOCw==": {"deaths": "7", "games": "1", "kills": "2", "rank": "306", "scores": "10"}, "pb-IF4NV1AMLA==": {"deaths": "2", "games": "2", "kills": "3", "rank": "288", "scores": "20"}, "pb-IF4SUFgHMw==": {"deaths": "0", "games": "1", "kills": "0", "rank": "386", "scores": "0"}, "pb-IF4dUWQDHQ==": {"deaths": "2", "games": "1", "kills": "0", "rank": "358", "scores": "0"}, "pb-IF4tMUEu": {"deaths": "3", "games": "3", "kills": "1", "rank": "316", "scores": "10"}, "pb-IF4SF0Em": {"deaths": "10", "games": "3", "kills": "10", "rank": "161", "scores": "145"}, "pb-IF4SVRkaHQ==": {"deaths": "12", "games": "3", "kills": "3", "rank": "275", "scores": "25"}, "pb-IF4CUhBdFA==": {"deaths": "0", "games": "1", "kills": "0", "rank": "396", "scores": "0"}, "pb-IF5QJ1c7": {"deaths": "1", "games": "2", "kills": "2", "rank": "312", "scores": "10"}, "pb-IF4dUE8jFQ==": {"deaths": "0", "games": "1", "kills": "0", "rank": "391", "scores": "0"}, "pb-IF4HUhFYKw==": {"deaths": "4", "games": "2", "kills": "3", "rank": "248", "scores": "45"}, "pb-IF4BUWkNKA==": {"deaths": "80", "games": "14", "kills": "61", "rank": "8", "scores": "1995"}, "pb-IF4DUWM6Fw==": {"deaths": "28", "games": "10", "kills": "11", "rank": "168", "scores": "125"}, "pb-IF41URI7Ig==": {"deaths": "2", "games": "1", "kills": "3", "rank": "290", "scores": "20"}, "pb-IF4yURg6Bw==": {"deaths": "11", "games": "3", "kills": "1", "rank": "313", "scores": "10"}, "pb-IF4BURMdVg==": {"deaths": "3", "games": "1", "kills": "0", "rank": "352", "scores": "0"}, "pb-IF4JU1YgLw==": {"deaths": "0", "games": "1", "kills": "0", "rank": "376", "scores": "0"}, "pb-IF4cVRgTMg==": {"deaths": "7", "games": "3", "kills": "3", "rank": "254", "scores": "40"}, "pb-IF4eV1IeDw==": {"deaths": "17", "games": "7", "kills": "16", "rank": "134", "scores": "205"}, "pb-IF4OUWMfIw==": {"deaths": "4", "games": "2", "kills": "2", "rank": "132", "scores": "210"}, "pb-IF4sUWkJLA==": {"deaths": "4", "games": "2", "kills": "1", "rank": "325", "scores": "5"}, "pb-IF4MUWcxFg==": {"deaths": "75", "games": "35", "kills": "47", "rank": "36", "scores": "955"}, "pb-IF5VUlYDHQ==": {"deaths": "6", "games": "4", "kills": "6", "rank": "162", "scores": "145"}, "pb-IF5SURgzCA==": {"deaths": "1", "games": "1", "kills": "0", "rank": "367", "scores": "0"}, "pb-IF4MURUgVw==": {"deaths": "7", "games": "1", "kills": "0", "rank": "337", "scores": "0"}, "pb-JiNJARFbUURHVV9BE0ZRXFREF0NXQldK": {"deaths": "37", "games": "8", "kills": "23", "rank": "82", "scores": "400"}, "pb-IF4UUWUCCw==": {"deaths": "21", "games": "6", "kills": "6", "rank": "244", "scores": "45"}, "pb-JiNJARBaUkZAXFdHFUJVVlNKF0BXQ1NH": {"deaths": "46", "games": "20", "kills": "42", "rank": "11", "scores": "1640"}, "pb-IF4HUWYdCw==": {"deaths": "6", "games": "2", "kills": "3", "rank": "171", "scores": "125"}, "pb-IF4WLnYu": {"deaths": "21", "games": "7", "kills": "15", "rank": "16", "scores": "1350"}, "pb-IF4-UlAaDQ==": {"deaths": "186", "games": "22", "kills": "84", "rank": "34", "scores": "990"}, "pb-IF4wUlk7PQ==": {"deaths": "22", "games": "4", "kills": "14", "rank": "151", "scores": "165"}, "pb-IF4WUFo9KA==": {"deaths": "36", "games": "13", "kills": "40", "rank": "15", "scores": "1375"}, "pb-IF5UUWUOUQ==": {"deaths": "20", "games": "3", "kills": "33", "rank": "55", "scores": "655"}, "pb-IF4iUG0kBw==": {"deaths": "22", "games": "5", "kills": "12", "rank": "80", "scores": "420"}, "pb-IF4mUWkCFw==": {"deaths": "4", "games": "2", "kills": "0", "rank": "345", "scores": "0"}, "pb-IF4AUHhYPQ==": {"deaths": "4", "games": "1", "kills": "4", "rank": "280", "scores": "20"}, "pb-IF4WUWcdUQ==": {"deaths": "20", "games": "2", "kills": "15", "rank": "165", "scores": "125"}, "pb-JiNJARBfVEZAXlhAEkJZXVBHE0hXR1FE": {"deaths": "14", "games": "3", "kills": "4", "rank": "279", "scores": "20"}, "pb-IF4mVXExVA==": {"deaths": "16", "games": "4", "kills": "11", "rank": "128", "scores": "220"}, "pb-JiNJARBdXERBVFtCEEZYUVxCFUBYQVVA": {"deaths": "2", "games": "1", "kills": "1", "rank": "329", "scores": "5"}, "pb-IF4iUm0HEA==": {"deaths": "28", "games": "5", "kills": "16", "rank": "144", "scores": "175"}, "pb-IF41URAoFg==": {"deaths": "39", "games": "6", "kills": "9", "rank": "229", "scores": "55"}, "pb-IF4IUWYnMg==": {"deaths": "13", "games": "5", "kills": "8", "rank": "184", "scores": "105"}, "pb-JiNJARBbVkdJXldJEENZVV1CEURZQFFG": {"deaths": "38", "games": "6", "kills": "42", "rank": "14", "scores": "1375"}, "pb-IF5RUWkGUg==": {"deaths": "10", "games": "3", "kills": "0", "rank": "334", "scores": "0"}, "pb-IF4lUBUFVQ==": {"deaths": "112", "games": "24", "kills": "86", "rank": "20", "scores": "1205"}, "pb-IF5VUkcmUA==": {"deaths": "0", "games": "1", "kills": "0", "rank": "393", "scores": "0"}, "pb-JiNJARBYV0NCWFdDGU5WXFZEEERXRVJK": {"deaths": "0", "games": "1", "kills": "0", "rank": "385", "scores": "0"}, "pb-IF4HAHUO": {"deaths": "5", "games": "5", "kills": "6", "rank": "138", "scores": "195"}, "pb-IF5QUWoJDw==": {"deaths": "4", "games": "2", "kills": "0", "rank": "344", "scores": "0"}, "pb-IF5UUWUHFw==": {"deaths": "19", "games": "4", "kills": "8", "rank": "218", "scores": "70"}, "pb-IF4QU0UOFg==": {"deaths": "13", "games": "3", "kills": "6", "rank": "206", "scores": "90"}, "pb-IF5WU3ciDw==": {"deaths": "1", "games": "1", "kills": "0", "rank": "370", "scores": "0"}, "pb-IF4rUWpcPA==": {"deaths": "2", "games": "1", "kills": "2", "rank": "311", "scores": "10"}, "pb-IF4nUWU4Kw==": {"deaths": "4", "games": "1", "kills": "10", "rank": "107", "scores": "275"}, "pb-IF42UWdTPw==": {"deaths": "49", "games": "13", "kills": "27", "rank": "106", "scores": "275"}, "pb-IF5VUWdfEQ==": {"deaths": "14", "games": "5", "kills": "12", "rank": "84", "scores": "385"}, "pb-IF4nURcJFg==": {"deaths": "2", "games": "3", "kills": "3", "rank": "110", "scores": "265"}, "pb-IF43URdZFw==": {"deaths": "6", "games": "4", "kills": "0", "rank": "339", "scores": "0"}, "pb-IF4DUk8kBg==": {"deaths": "34", "games": "8", "kills": "34", "rank": "50", "scores": "690"}, "pb-IF5VUlgEBw==": {"deaths": "23", "games": "5", "kills": "15", "rank": "172", "scores": "120"}, "pb-IF4FUWY6Bw==": {"deaths": "17", "games": "6", "kills": "10", "rank": "217", "scores": "75"}, "pb-IF4NUWZcPQ==": {"deaths": "18", "games": "6", "kills": "6", "rank": "245", "scores": "45"}, "pb-IF4SU0wDJA==": {"deaths": "2", "games": "1", "kills": "0", "rank": "194", "scores": "100"}, "pb-IF4cUGYyJg==": {"deaths": "49", "games": "6", "kills": "8", "rank": "198", "scores": "95"}, "pb-IF4AUFdZLw==": {"deaths": "12", "games": "1", "kills": "4", "rank": "260", "scores": "30"}, "pb-IF4nUHUEIA==": {"deaths": "6", "games": "1", "kills": "3", "rank": "285", "scores": "20"}, "pb-IF4oURJYJw==": {"deaths": "14", "games": "5", "kills": "4", "rank": "266", "scores": "25"}, "pb-IF4RUWcJAw==": {"deaths": "30", "games": "6", "kills": "19", "rank": "105", "scores": "280"}, "pb-IF5QUBccKw==": {"deaths": "0", "games": "1", "kills": "0", "rank": "384", "scores": "0"}, "pb-IF43UGwM": {"deaths": "2", "games": "1", "kills": "5", "rank": "264", "scores": "25"}, "pb-JiNJARFeVUtDVV1DF05VUlBLGUhYQFlA": {"deaths": "4", "games": "2", "kills": "2", "rank": "308", "scores": "10"}, "pb-IF4UU2Y7Eg==": {"deaths": "37", "games": "13", "kills": "22", "rank": "79", "scores": "425"}, "pb-IF41UFkcAw==": {"deaths": "2", "games": "2", "kills": "3", "rank": "277", "scores": "25"}, "pb-IF43URcnPA==": {"deaths": "12", "games": "3", "kills": "4", "rank": "268", "scores": "25"}, "pb-IF4TUG0TPw==": {"deaths": "2", "games": "1", "kills": "2", "rank": "301", "scores": "15"}, "pb-IF4pV1BSIQ==": {"deaths": "71", "games": "12", "kills": "42", "rank": "40", "scores": "875"}, "pb-IF4pVBcKKg==": {"deaths": "3", "games": "2", "kills": "6", "rank": "118", "scores": "235"}, "pb-IF4CURYfKA==": {"deaths": "3", "games": "1", "kills": "0", "rank": "353", "scores": "0"}, "pb-IF4UUWcqLA==": {"deaths": "7", "games": "1", "kills": "0", "rank": "336", "scores": "0"}, "pb-IF4XUxcnKA==": {"deaths": "20", "games": "5", "kills": "19", "rank": "133", "scores": "205"}, "pb-IF4BURIvAg==": {"deaths": "13", "games": "2", "kills": "2", "rank": "305", "scores": "10"}, "pb-IF49UREFLQ==": {"deaths": "1", "games": "2", "kills": "0", "rank": "364", "scores": "0"}, "pb-IF5XUW0uUQ==": {"deaths": "2", "games": "1", "kills": "0", "rank": "355", "scores": "0"}, "pb-IF43U1MEPQ==": {"deaths": "3", "games": "2", "kills": "1", "rank": "315", "scores": "10"}, "pb-IF4DUE4mMA==": {"deaths": "3", "games": "2", "kills": "5", "rank": "231", "scores": "55"}, "pb-IF4PUFojUg==": {"deaths": "0", "games": "1", "kills": "0", "rank": "387", "scores": "0"}, "pb-IF41URRdBw==": {"deaths": "5", "games": "2", "kills": "6", "rank": "207", "scores": "90"}, "pb-IF4XVRU5FA==": {"deaths": "34", "games": "7", "kills": "20", "rank": "71", "scores": "515"}, "pb-IF48URMANQ==": {"deaths": "66", "games": "18", "kills": "41", "rank": "68", "scores": "555"}, "pb-IF5cUWUbLA==": {"deaths": "11", "games": "2", "kills": "3", "rank": "282", "scores": "20"}, "pb-IF4nUE48VQ==": {"deaths": "13", "games": "4", "kills": "6", "rank": "226", "scores": "60"}, "pb-IF4qUHFcNQ==": {"deaths": "5", "games": "1", "kills": "3", "rank": "286", "scores": "20"}, "pb-IF4sV1YOVA==": {"deaths": "25", "games": "11", "kills": "27", "rank": "23", "scores": "1115"}, "pb-IF4zU0ogHA==": {"deaths": "16", "games": "7", "kills": "15", "rank": "108", "scores": "270"}, "pb-IF4SVVAdVA==": {"deaths": "43", "games": "10", "kills": "29", "rank": "51", "scores": "670"}, "pb-IF4xUHkFUg==": {"deaths": "18", "games": "2", "kills": "16", "rank": "148", "scores": "170"}, "pb-IF4QUWpbKQ==": {"deaths": "3", "games": "1", "kills": "0", "rank": "348", "scores": "0"}, "pb-IF4vUGc8NA==": {"deaths": "41", "games": "14", "kills": "39", "rank": "31", "scores": "1020"}, "pb-IF4sUWUqFg==": {"deaths": "15", "games": "2", "kills": "13", "rank": "191", "scores": "100"}, "pb-IF4nUWU-UA==": {"deaths": "1", "games": "2", "kills": "1", "rank": "320", "scores": "10"}, "pb-IF4CUFkSNA==": {"deaths": "23", "games": "6", "kills": "10", "rank": "160", "scores": "145"}, "pb-IF4PVFYTAQ==": {"deaths": "4", "games": "2", "kills": "3", "rank": "222", "scores": "70"}, "pb-IF41UHA_EQ==": {"deaths": "64", "games": "9", "kills": "23", "rank": "99", "scores": "295"}, "pb-IF5UVBEKEw==": {"deaths": "0", "games": "1", "kills": "0", "rank": "33", "scores": "1000"}, "pb-IF4QUHIxMg==": {"deaths": "4", "games": "2", "kills": "1", "rank": "314", "scores": "10"}, "pb-IF4WUWclCw==": {"deaths": "8", "games": "4", "kills": "3", "rank": "284", "scores": "20"}, "pb-IF4iXllc": {"deaths": "11", "games": "4", "kills": "13", "rank": "62", "scores": "605"}, "pb-IF5SUG4zXQ==": {"deaths": "46", "games": "11", "kills": "41", "rank": "53", "scores": "665"}, "pb-IF5QUxBTVw==": {"deaths": "28", "games": "5", "kills": "10", "rank": "224", "scores": "60"}, "pb-IF5RU1YfHw==": {"deaths": "67", "games": "15", "kills": "44", "rank": "17", "scores": "1315"}, "pb-IF5UUWofDQ==": {"deaths": "22", "games": "7", "kills": "9", "rank": "214", "scores": "80"}, "pb-IF4pUE4SAA==": {"deaths": "11", "games": "4", "kills": "8", "rank": "97", "scores": "305"}, "pb-IF5cU3koVQ==": {"deaths": "1", "games": "1", "kills": "1", "rank": "318", "scores": "10"}, "pb-IF4RUHc9Iw==": {"deaths": "27", "games": "8", "kills": "27", "rank": "112", "scores": "260"}, "pb-IF4jUWIlUg==": {"deaths": "22", "games": "6", "kills": "4", "rank": "278", "scores": "20"}, "pb-IF4PUEsvVg==": {"deaths": "22", "games": "6", "kills": "8", "rank": "136", "scores": "205"}, "pb-IF4AUWgmIg==": {"deaths": "0", "games": "1", "kills": "0", "rank": "395", "scores": "0"}, "pb-IF4sUloSXA==": {"deaths": "39", "games": "4", "kills": "19", "rank": "117", "scores": "240"}, "pb-IF4gUklTAA==": {"deaths": "40", "games": "9", "kills": "23", "rank": "13", "scores": "1435"}, "pb-JiNJARBcXEBEWl1HFE9UVlJCGUleRFRG": {"deaths": "10", "games": "2", "kills": "7", "rank": "146", "scores": "175"}, "pb-IF41UWpbCA==": {"deaths": "29", "games": "4", "kills": "14", "rank": "64", "scores": "595"}, "pb-IF4rUHUEKw==": {"deaths": "5", "games": "1", "kills": "1", "rank": "323", "scores": "5"}, "pb-IF4yUGcdVQ==": {"deaths": "0", "games": "1", "kills": "0", "rank": "239", "scores": "50"}, "pb-IF4VURIGJg==": {"deaths": "1", "games": "1", "kills": "2", "rank": "228", "scores": "60"}, "pb-IF40UWgKEQ==": {"deaths": "1", "games": "1", "kills": "0", "rank": "372", "scores": "0"}, "pb-IF4OUkkuVg==": {"deaths": "1", "games": "2", "kills": "0", "rank": "237", "scores": "50"}, "pb-IF4AUGVYAA==": {"deaths": "35", "games": "11", "kills": "30", "rank": "61", "scores": "620"}, "pb-IF4jUEgRNQ==": {"deaths": "15", "games": "6", "kills": "35", "rank": "103", "scores": "285"}, "pb-IF4zUWUNEg==": {"deaths": "16", "games": "2", "kills": "7", "rank": "199", "scores": "95"}, "pb-IF4JUnIPNA==": {"deaths": "10", "games": "3", "kills": "3", "rank": "283", "scores": "20"}, "pb-IF5SUHhfJA==": {"deaths": "32", "games": "4", "kills": "16", "rank": "147", "scores": "170"}, "pb-IF43UWEhFg==": {"deaths": "2", "games": "1", "kills": "2", "rank": "302", "scores": "15"}, "pb-IF4KU1UBVw==": {"deaths": "7", "games": "2", "kills": "7", "rank": "242", "scores": "45"}, "pb-IF4hUWMGEw==": {"deaths": "9", "games": "6", "kills": "6", "rank": "219", "scores": "70"}, "pb-IF4HUBARLQ==": {"deaths": "1", "games": "1", "kills": "0", "rank": "195", "scores": "100"}, "pb-IF42UEU6Bg==": {"deaths": "1", "games": "2", "kills": "1", "rank": "181", "scores": "110"}, "pb-IF4QUGsGLQ==": {"deaths": "8", "games": "2", "kills": "4", "rank": "270", "scores": "25"}, "pb-IF4dUGUHCw==": {"deaths": "14", "games": "6", "kills": "15", "rank": "135", "scores": "205"}, "pb-IF4HUWcNIg==": {"deaths": "7", "games": "2", "kills": "3", "rank": "129", "scores": "220"}, "pb-IF5TVWkENg==": {"deaths": "13", "games": "3", "kills": "6", "rank": "246", "scores": "45"}, "pb-IF4DUFobKQ==": {"deaths": "21", "games": "7", "kills": "18", "rank": "143", "scores": "175"}, "pb-IF4DUWUnPA==": {"deaths": "7", "games": "1", "kills": "8", "rank": "204", "scores": "90"}, "pb-IF4sDVYb": {"deaths": "14", "games": "9", "kills": "16", "rank": "87", "scores": "370"}, "pb-IF4MUGRfDQ==": {"deaths": "28", "games": "7", "kills": "27", "rank": "104", "scores": "280"}, "pb-IF4oUHktEA==": {"deaths": "1", "games": "1", "kills": "0", "rank": "374", "scores": "0"}, "pb-IF4QCGc=": {"deaths": "38", "games": "6", "kills": "30", "rank": "58", "scores": "630"}, "pb-IF4yUHRTIQ==": {"deaths": "59", "games": "9", "kills": "38", "rank": "124", "scores": "225"}, "pb-IF4dU0UuHw==": {"deaths": "2", "games": "2", "kills": "2", "rank": "293", "scores": "20"}, "pb-IF4DVHUSHw==": {"deaths": "17", "games": "5", "kills": "17", "rank": "109", "scores": "265"}, "pb-IF4vUHAaUw==": {"deaths": "45", "games": "5", "kills": "18", "rank": "77", "scores": "465"}, "pb-IF4mUWkkXA==": {"deaths": "2", "games": "1", "kills": "2", "rank": "310", "scores": "10"}, "pb-IF43MlIj": {"deaths": "42", "games": "9", "kills": "33", "rank": "75", "scores": "490"}, "pb-IF42UWgHMg==": {"deaths": "18", "games": "4", "kills": "7", "rank": "175", "scores": "120"}, "pb-IF4MPxAk": {"deaths": "13", "games": "7", "kills": "11", "rank": "173", "scores": "120"}, "pb-JiNJARFYVUVAXVxEFE9XVVRLFkFfT1RG": {"deaths": "15", "games": "1", "kills": "7", "rank": "92", "scores": "335"}, "pb-IF4IUWctBw==": {"deaths": "22", "games": "10", "kills": "29", "rank": "44", "scores": "815"}, "pb-IF4iVWFfKQ==": {"deaths": "25", "games": "8", "kills": "4", "rank": "265", "scores": "25"}, "pb-IF4uUGkeVg==": {"deaths": "49", "games": "11", "kills": "27", "rank": "153", "scores": "160"}, "pb-IF4sUlQcKg==": {"deaths": "15", "games": "6", "kills": "6", "rank": "123", "scores": "230"}, "pb-IF4wUWkPIg==": {"deaths": "6", "games": "2", "kills": "9", "rank": "156", "scores": "155"}, "pb-IF4RUGgtEg==": {"deaths": "4", "games": "4", "kills": "2", "rank": "150", "scores": "170"}, "pb-IF4sUWUhUQ==": {"deaths": "45", "games": "15", "kills": "26", "rank": "47", "scores": "720"}, "pb-IF4sUFpTAA==": {"deaths": "0", "games": "1", "kills": "0", "rank": "390", "scores": "0"}, "pb-JiNJARBYXUpJXVdFGUJWXFJBEERcQFJD": {"deaths": "30", "games": "4", "kills": "14", "rank": "166", "scores": "125"}, "pb-IF4yMWxT": {"deaths": "20", "games": "8", "kills": "14", "rank": "45", "scores": "795"}, "pb-IF4CUGkuMA==": {"deaths": "3", "games": "2", "kills": "3", "rank": "177", "scores": "120"}, "pb-IF5UUlgIVA==": {"deaths": "70", "games": "15", "kills": "41", "rank": "10", "scores": "1700"}, "pb-JiNJARFYXERGXFtDGEJUUFJBE0JZQ1NL": {"deaths": "14", "games": "2", "kills": "10", "rank": "203", "scores": "90"}, "pb-JiNJARBeUUdCWlhEFEdXV1dBFENeT1lH": {"deaths": "4", "games": "2", "kills": "6", "rank": "186", "scores": "105"}, "pb-IF4TURAMVQ==": {"deaths": "25", "games": "6", "kills": "16", "rank": "73", "scores": "510"}, "pb-IF4yVVA8Bg==": {"deaths": "5", "games": "5", "kills": "4", "rank": "261", "scores": "30"}, "pb-IF4nU1A_Ag==": {"deaths": "2", "games": "1", "kills": "3", "rank": "289", "scores": "20"}, "pb-IF4IVXINHQ==": {"deaths": "0", "games": "1", "kills": "2", "rank": "304", "scores": "15"}, "pb-IF4IVUVTLA==": {"deaths": "21", "games": "4", "kills": "9", "rank": "225", "scores": "60"}, "pb-IF40UEYTLA==": {"deaths": "65", "games": "12", "kills": "48", "rank": "43", "scores": "830"}, "pb-IF5QAkca": {"deaths": "21", "games": "4", "kills": "24", "rank": "37", "scores": "930"}, "pb-IF4SUWY_Cw==": {"deaths": "212", "games": "57", "kills": "80", "rank": "9", "scores": "1870"}, "pb-IF4sUBkKNQ==": {"deaths": "5", "games": "3", "kills": "11", "rank": "22", "scores": "1165"}, "pb-IF4WURkvHA==": {"deaths": "4", "games": "1", "kills": "5", "rank": "253", "scores": "40"}, "pb-IF41VEhZEw==": {"deaths": "71", "games": "22", "kills": "76", "rank": "4", "scores": "2695"}, "pb-JiNJARFYU0ZCWFZJEURVXF1GFEFeT1ZA": {"deaths": "6", "games": "1", "kills": "5", "rank": "252", "scores": "40"}, "pb-IF4GUGkMFg==": {"deaths": "5", "games": "1", "kills": "0", "rank": "342", "scores": "0"}, "pb-IF5cUFIJUA==": {"deaths": "7", "games": "1", "kills": "11", "rank": "142", "scores": "180"}, "pb-IF4hUWkiVA==": {"deaths": "2", "games": "2", "kills": "9", "rank": "141", "scores": "185"}, "pb-IF4AUFYhVA==": {"deaths": "4", "games": "2", "kills": "1", "rank": "324", "scores": "5"}, "pb-IF4KUHoeIQ==": {"deaths": "11", "games": "3", "kills": "3", "rank": "276", "scores": "25"}, "pb-IF48UWg4JA==": {"deaths": "5", "games": "1", "kills": "0", "rank": "343", "scores": "0"}, "pb-IF4FVHgiEg==": {"deaths": "18", "games": "7", "kills": "28", "rank": "89", "scores": "365"}, "pb-IF4NUBYHBA==": {"deaths": "8", "games": "3", "kills": "1", "rank": "321", "scores": "5"}, "pb-IF4qUWIKNg==": {"deaths": "6", "games": "1", "kills": "0", "rank": "338", "scores": "0"}, "pb-IF5UU0kKNg==": {"deaths": "13", "games": "2", "kills": "13", "rank": "122", "scores": "230"}, "pb-IF4VU3gsKw==": {"deaths": "13", "games": "3", "kills": "12", "rank": "202", "scores": "90"}, "pb-IF4tUkkJKw==": {"deaths": "2", "games": "1", "kills": "3", "rank": "291", "scores": "20"}, "pb-IF4LUmo7XQ==": {"deaths": "4", "games": "2", "kills": "0", "rank": "347", "scores": "0"}, "pb-IF4UFGw9": {"deaths": "16", "games": "5", "kills": "18", "rank": "94", "scores": "315"}, "pb-IF4IUWksMg==": {"deaths": "23", "games": "4", "kills": "13", "rank": "208", "scores": "85"}, "pb-IF42UFkyUA==": {"deaths": "53", "games": "25", "kills": "32", "rank": "26", "scores": "1070"}, "pb-JiNJARBYXUREXFxBGEJRVFJGEkBaTldC": {"deaths": "15", "games": "5", "kills": "6", "rank": "210", "scores": "85"}, "pb-IF4eUWoiBA==": {"deaths": "108", "games": "15", "kills": "37", "rank": "74", "scores": "505"}, "pb-IF5SVBEHCw==": {"deaths": "0", "games": "1", "kills": "0", "rank": "389", "scores": "0"}, "pb-IF4mU3gZEA==": {"deaths": "2", "games": "1", "kills": "0", "rank": "356", "scores": "0"}, "pb-IF4yURgfNw==": {"deaths": "20", "games": "3", "kills": "1", "rank": "63", "scores": "605"}, "pb-IF4NUEkjFA==": {"deaths": "5", "games": "1", "kills": "3", "rank": "296", "scores": "15"}, "pb-IF4sUWkDEg==": {"deaths": "2", "games": "2", "kills": "0", "rank": "360", "scores": "0"}, "pb-IF4UUhAf": {"deaths": "4", "games": "2", "kills": "5", "rank": "263", "scores": "25"}, "pb-IF4iVFBbDA==": {"deaths": "19", "games": "7", "kills": "22", "rank": "24", "scores": "1095"}, "pb-IF4qUBkcNw==": {"deaths": "5", "games": "2", "kills": "2", "rank": "307", "scores": "10"}, "pb-IF41U0oaEg==": {"deaths": "0", "games": "1", "kills": "1", "rank": "333", "scores": "5"}, "pb-IF4NUWk9Pw==": {"deaths": "51", "games": "11", "kills": "13", "rank": "197", "scores": "95"}, "pb-IF4QU0ksMQ==": {"deaths": "19", "games": "9", "kills": "20", "rank": "49", "scores": "700"}, "pb-IF4hU3YgLA==": {"deaths": "12", "games": "4", "kills": "5", "rank": "247", "scores": "45"}, "pb-IF4gAlUn": {"deaths": "6", "games": "1", "kills": "4", "rank": "215", "scores": "80"}, "pb-IF4-J2cH": {"deaths": "2", "games": "3", "kills": "2", "rank": "111", "scores": "265"}, "pb-IF4WUEEeUA==": {"deaths": "75", "games": "21", "kills": "80", "rank": "19", "scores": "1275"}, "pb-IF4gU2UFMA==": {"deaths": "11", "games": "4", "kills": "13", "rank": "98", "scores": "300"}, "pb-IF4tUWoxNQ==": {"deaths": "12", "games": "1", "kills": "1", "rank": "187", "scores": "105"}, "pb-IF5XU3USKA==": {"deaths": "2", "games": "1", "kills": "7", "rank": "255", "scores": "35"}, "pb-IF4TVHkMLw==": {"deaths": "25", "games": "4", "kills": "19", "rank": "164", "scores": "125"}, "pb-IF48URg-Kw==": {"deaths": "1", "games": "1", "kills": "0", "rank": "236", "scores": "50"}, "pb-IF40U2g_Fw==": {"deaths": "19", "games": "6", "kills": "9", "rank": "116", "scores": "255"}, "pb-IF4MUWYiIg==": {"deaths": "57", "games": "11", "kills": "29", "rank": "76", "scores": "470"}, "pb-IF4gUWVTIA==": {"deaths": "0", "games": "1", "kills": "0", "rank": "380", "scores": "0"}, "pb-JiNJARFbUUVGXF1DEU9TXV1DGUVfRFBK": {"deaths": "4", "games": "1", "kills": "4", "rank": "281", "scores": "20"}, "pb-IF4NUWhfIw==": {"deaths": "102", "games": "18", "kills": "68", "rank": "46", "scores": "760"}, "pb-IF41UG5dAA==": {"deaths": "0", "games": "1", "kills": "2", "rank": "294", "scores": "20"}, "pb-IF5VUHQhUQ==": {"deaths": "0", "games": "1", "kills": "0", "rank": "378", "scores": "0"}, "pb-IF4xVxRfBA==": {"deaths": "25", "games": "9", "kills": "44", "rank": "30", "scores": "1025"}, "pb-IF4PUWdZAw==": {"deaths": "46", "games": "10", "kills": "15", "rank": "200", "scores": "90"}, "pb-IF4GV2gaJA==": {"deaths": "0", "games": "1", "kills": "0", "rank": "375", "scores": "0"}, "pb-IF4mU2IvCg==": {"deaths": "12", "games": "1", "kills": "10", "rank": "154", "scores": "160"}, "pb-IF4QURc-MA==": {"deaths": "0", "games": "1", "kills": "0", "rank": "137", "scores": "200"}, "pb-IF5XUxgFUg==": {"deaths": "15", "games": "6", "kills": "20", "rank": "125", "scores": "225"}, "pb-IF4xUWleHA==": {"deaths": "102", "games": "18", "kills": "50", "rank": "25", "scores": "1070"}, "pb-IF4IU2oKLQ==": {"deaths": "0", "games": "1", "kills": "0", "rank": "392", "scores": "0"}, "pb-IF4nVUZbVQ==": {"deaths": "80", "games": "25", "kills": "92", "rank": "3", "scores": "3050"}, "pb-IF4qUkgzHw==": {"deaths": "27", "games": "7", "kills": "10", "rank": "66", "scores": "560"}, "pb-IF4nV2MiCQ==": {"deaths": "0", "games": "1", "kills": "0", "rank": "238", "scores": "50"}, "pb-IF4FUmEGAw==": {"deaths": "9", "games": "3", "kills": "4", "rank": "221", "scores": "70"}, "pb-IF5WV24JNQ==": {"deaths": "0", "games": "2", "kills": "1", "rank": "189", "scores": "105"}, "pb-IF4IUGIeNg==": {"deaths": "43", "games": "16", "kills": "53", "rank": "21", "scores": "1200"}, "pb-IF4pUWo4VQ==": {"deaths": "6", "games": "1", "kills": "4", "rank": "272", "scores": "25"}, "pb-IF4iUxI8JA==": {"deaths": "2", "games": "2", "kills": "4", "rank": "262", "scores": "30"}, "pb-IF4GUxUZKg==": {"deaths": "10", "games": "5", "kills": "13", "rank": "192", "scores": "100"}, "pb-IF4zURgmMQ==": {"deaths": "3", "games": "2", "kills": "0", "rank": "351", "scores": "0"}, "pb-IF4pURcaIg==": {"deaths": "20", "games": "3", "kills": "11", "rank": "182", "scores": "105"}, "pb-IF40VRkBXQ==": {"deaths": "24", "games": "6", "kills": "15", "rank": "149", "scores": "170"}, "pb-IF5cUHkdHw==": {"deaths": "6", "games": "3", "kills": "2", "rank": "298", "scores": "15"}, "pb-IF4pUxkdPA==": {"deaths": "9", "games": "2", "kills": "7", "rank": "28", "scores": "1060"}, "pb-IF4JU1AHKQ==": {"deaths": "9", "games": "5", "kills": "8", "rank": "241", "scores": "45"}, "pb-IF5dUHZfDQ==": {"deaths": "1", "games": "1", "kills": "0", "rank": "32", "scores": "1000"}, "pb-IF4AUHVbLw==": {"deaths": "19", "games": "3", "kills": "13", "rank": "201", "scores": "90"}, "pb-JiNJARFZVEZAWl9JF0FYU11DGUlWQVBF": {"deaths": "55", "games": "8", "kills": "44", "rank": "38", "scores": "925"}, "pb-IF4IURVeJA==": {"deaths": "5", "games": "1", "kills": "0", "rank": "193", "scores": "100"}, "pb-IF4cVG05CQ==": {"deaths": "6", "games": "2", "kills": "0", "rank": "341", "scores": "0"}, "pb-IF4cURUEKg==": {"deaths": "3", "games": "1", "kills": "1", "rank": "232", "scores": "55"}, "pb-IF4LUFEMBw==": {"deaths": "16", "games": "4", "kills": "4", "rank": "220", "scores": "70"}, "pb-IF40URUzVw==": {"deaths": "17", "games": "3", "kills": "11", "rank": "183", "scores": "105"}, "pb-IF4TUFczFA==": {"deaths": "1", "games": "1", "kills": "0", "rank": "365", "scores": "0"}, "pb-IF4NUxJcAg==": {"deaths": "68", "games": "8", "kills": "41", "rank": "29", "scores": "1055"}, "pb-IF4TUWpaEQ==": {"deaths": "93", "games": "12", "kills": "30", "rank": "101", "scores": "290"}, "pb-IF5VU3VaHw==": {"deaths": "102", "games": "29", "kills": "92", "rank": "42", "scores": "840"}, "pb-IF5SUWtbBw==": {"deaths": "5", "games": "2", "kills": "1", "rank": "212", "scores": "85"}, "pb-IF4uUWcFMA==": {"deaths": "18", "games": "5", "kills": "22", "rank": "57", "scores": "635"}, "pb-IF4SV1lZAQ==": {"deaths": "67", "games": "29", "kills": "99", "rank": "2", "scores": "3595"}, "pb-IF5QUW0qCA==": {"deaths": "15", "games": "3", "kills": "2", "rank": "297", "scores": "15"}, "pb-IF4NChEc": {"deaths": "12", "games": "5", "kills": "14", "rank": "90", "scores": "365"}, "pb-IF4-V1UfEQ==": {"deaths": "2", "games": "3", "kills": "5", "rank": "102", "scores": "290"}, "pb-IF4VUhk5VA==": {"deaths": "14", "games": "4", "kills": "6", "rank": "250", "scores": "40"}, "pb-IF5dUWEzDA==": {"deaths": "1", "games": "2", "kills": "0", "rank": "371", "scores": "0"}, "pb-IF4NUWk-Mw==": {"deaths": "0", "games": "1", "kills": "0", "rank": "381", "scores": "0"}, "pb-IF4XU0MmJw==": {"deaths": "17", "games": "4", "kills": "15", "rank": "120", "scores": "230"}, "pb-IF5cUWcOAQ==": {"deaths": "9", "games": "3", "kills": "3", "rank": "48", "scores": "715"}, "pb-IF5TUHUiDA==": {"deaths": "41", "games": "7", "kills": "7", "rank": "205", "scores": "90"}, "pb-IF4qUWcxAg==": {"deaths": "1", "games": "2", "kills": "0", "rank": "369", "scores": "0"}, "pb-IF42VVEuEw==": {"deaths": "26", "games": "8", "kills": "14", "rank": "190", "scores": "100"}, "pb-IF4OURUYPQ==": {"deaths": "36", "games": "6", "kills": "23", "rank": "41", "scores": "855"}, "pb-IF4IUm0lVw==": {"deaths": "17", "games": "5", "kills": "14", "rank": "127", "scores": "220"}, "pb-IF4AU29cUA==": {"deaths": "0", "games": "1", "kills": "0", "rank": "394", "scores": "0"}, "pb-IF4UU2wvUA==": {"deaths": "2", "games": "1", "kills": "0", "rank": "361", "scores": "0"}, "pb-IF4jURgGVA==": {"deaths": "11", "games": "2", "kills": "9", "rank": "86", "scores": "375"}, "pb-IF5RUnVcPA==": {"deaths": "6", "games": "2", "kills": "9", "rank": "174", "scores": "120"}, "pb-IF48V3QKFw==": {"deaths": "17", "games": "5", "kills": "14", "rank": "115", "scores": "255"}, "pb-IF4BVFocNw==": {"deaths": "32", "games": "11", "kills": "24", "rank": "130", "scores": "215"}, "pb-IF4hURgzDA==": {"deaths": "2", "games": "2", "kills": "0", "rank": "363", "scores": "0"}, "pb-IF4wV1BfUg==": {"deaths": "34", "games": "13", "kills": "29", "rank": "18", "scores": "1310"}, "pb-IF43VFZTFw==": {"deaths": "17", "games": "6", "kills": "21", "rank": "93", "scores": "315"}}