{"pb-IF4NUWhfIw==": {"name_html": "<img style=\"width:24px;height:24px;\" src=\"https://legacy.ballistica.net/img/char/48.png\">Android67685041", "kills": 68, "deaths": 102, "games": 18, "scores": 760, "aid": "pb-IF4NUWhfIw=="}, "pb-IF4zUWoyBA==": {"name_html": "<img style=\"width:24px;height:24px;\" src=\"https://legacy.ballistica.net/img/char/99.png\">Softmaple1", "kills": 5, "deaths": 9, "games": 1, "scores": 30, "aid": "pb-IF4zUWoyBA=="}, "pb-IF5RUWEkNA==": {"name_html": "<img style=\"width:24px;height:24px;\" src=\"https://legacy.ballistica.net/img/char/99.png\">demaxton77", "kills": 22, "deaths": 41, "games": 2, "scores": 295, "aid": "pb-IF5RUWEkNA=="}, "pb-IF4lURQIPA==": {"name_html": "<img style=\"width:24px;height:24px;\" src=\"https://legacy.ballistica.net/img/char/99.png\">Taser202", "kills": 38, "deaths": 38, "games": 7, "scores": 445, "aid": "pb-IF4lURQIPA=="}, "pb-IF4zUWonVA==": {"name_html": "<img style=\"width:24px;height:24px;\" src=\"https://legacy.ballistica.net/img/char/99.png\">Renowne104", "kills": 6, "deaths": 10, "games": 5, "scores": 155, "aid": "pb-IF4zUWonVA=="}, "pb-IF4SUFE5Vw==": {"name_html": "<img style=\"width:24px;height:24px;\" src=\"https://legacy.ballistica.net/img/char/99.png\">HairyDiffu", "kills": 1, "deaths": 2, "games": 1, "scores": 5, "aid": "pb-IF4SUFE5Vw=="}, "pb-IF4BVFocNw==": {"name_html": "<img style=\"width:24px;height:24px;\" src=\"https://legacy.ballistica.net/img/char/58.png\">YASh-_-", "kills": 24, "deaths": 31, "games": 10, "scores": 215, "aid": "pb-IF4BVFocNw=="}, "pb-IF4XCGgy": {"name_html": "<img style=\"width:24px;height:24px;\" src=\"https://legacy.ballistica.net/img/char/99.png\">Har223", "kills": 1, "deaths": 2, "games": 2, "scores": 5, "aid": "pb-IF4XCGgy"}, "pb-IF4tIkoI": {"name_html": "<img style=\"width:24px;height:24px;\" src=\"https://legacy.ballistica.net/img/char/85.png\">The Wizard", "kills": 3, "deaths": 1, "games": 1, "scores": 20, "aid": "pb-IF4tIkoI"}, "pb-IF48UWMsIw==": {"name_html": "<img style=\"width:24px;height:24px;\" src=\"https://legacy.ballistica.net/img/char/99.png\">Iconocl561", "kills": 12, "deaths": 20, "games": 4, "scores": 190, "aid": "pb-IF48UWMsIw=="}, "pb-IF4tUWkgPA==": {"name_html": "<img style=\"width:24px;height:24px;\" src=\"https://legacy.ballistica.net/img/char/99.png\">ScarryRush", "kills": 31, "deaths": 45, "games": 6, "scores": 535, "aid": "pb-IF4tUWkgPA=="}, "pb-IF4LUk8KPQ==": {"name_html": "<img style=\"width:24px;height:24px;\" src=\"https://legacy.ballistica.net/img/char/99.png\">PubgGuardi", "kills": 0, "deaths": 2, "games": 2, "scores": 0, "aid": "pb-IF4LUk8KPQ=="}, "pb-IF4eURMRJw==": {"name_html": "<img style=\"width:24px;height:24px;\" src=\"https://legacy.ballistica.net/img/char/99.png\">Hussein219", "kills": 1, "deaths": 4, "games": 1, "scores": 5, "aid": "pb-IF4eURMRJw=="}, "pb-IF4NV21eEQ==": {"name_html": "<img style=\"width:24px;height:24px;\" src=\"https://legacy.ballistica.net/img/char/99.png\">YEAGERDERD", "kills": 38, "deaths": 46, "games": 9, "scores": 2045, "aid": "pb-IF4NV21eEQ=="}, "pb-IF42UWkfPQ==": {"name_html": "<img style=\"width:24px;height:24px;\" src=\"https://legacy.ballistica.net/img/char/99.png\">Contag1859", "kills": 7, "deaths": 15, "games": 4, "scores": 105, "aid": "pb-IF42UWkfPQ=="}, "pb-IF4LV1UsFw==": {"name_html": "<img style=\"width:24px;height:24px;\" src=\"https://legacy.ballistica.net/img/char/99.png\">DEXTEROZzz", "kills": 4, "deaths": 13, "games": 2, "scores": 25, "aid": "pb-IF4LV1UsFw=="}, "pb-IF5cURkZAQ==": {"name_html": "<img style=\"width:24px;height:24px;\" src=\"https://legacy.ballistica.net/img/char/99.png\">MeanestIni", "kills": 19, "deaths": 25, "games": 5, "scores": 135, "aid": "pb-IF5cURkZAQ=="}, "pb-IF4oU1oiFA==": {"name_html": "<img style=\"width:24px;height:24px;\" src=\"https://legacy.ballistica.net/img/char/99.png\">Proximal25", "kills": 74, "deaths": 140, "games": 31, "scores": 2190, "aid": "pb-IF4oU1oiFA=="}, "pb-IF4NUWkFNQ==": {"name_html": "<img style=\"width:24px;height:24px;\" src=\"https://legacy.ballistica.net/img/char/99.png\">Softmaple1", "kills": 14, "deaths": 9, "games": 5, "scores": 230, "aid": "pb-IF4NUWkFNQ=="}, "pb-IF42Unc-HA==": {"name_html": "<img style=\"width:24px;height:24px;\" src=\"https://legacy.ballistica.net/img/char/72.png\">killer19\u3164\u3164\u3164\u3164\u3164\u3164\u3164\u3164", "kills": 9, "deaths": 13, "games": 4, "scores": 125, "aid": "pb-IF42Unc-HA=="}, "pb-IF4IVFAZKA==": {"name_html": "<img style=\"width:24px;height:24px;\" src=\"https://legacy.ballistica.net/img/char/99.png\">vishnukum3", "kills": 0, "deaths": 2, "games": 1, "scores": 0, "aid": "pb-IF4IVFAZKA=="}, "pb-IF43Uk9YEQ==": {"name_html": "<img style=\"width:24px;height:24px;\" src=\"https://legacy.ballistica.net/img/char/99.png\">Nsnsbshs", "kills": 127, "deaths": 183, "games": 44, "scores": 2315, "aid": "pb-IF43Uk9YEQ=="}, "pb-IF4lHlYg": {"name_html": "<img style=\"width:24px;height:24px;\" src=\"https://legacy.ballistica.net/img/char/99.png\">gowthamara", "kills": 0, "deaths": 3, "games": 1, "scores": 0, "aid": "pb-IF4lHlYg"}, "pb-IF4IUWMIDQ==": {"name_html": "<img style=\"width:24px;height:24px;\" src=\"https://legacy.ballistica.net/img/char/48.png\">Android67590677", "kills": 12, "deaths": 42, "games": 12, "scores": 125, "aid": "pb-IF4IUWMIDQ=="}, "pb-IF4CUFElIw==": {"name_html": "<img style=\"width:24px;height:24px;\" src=\"https://legacy.ballistica.net/img/char/99.png\">Ludicr1448", "kills": 1, "deaths": 1, "games": 1, "scores": 10, "aid": "pb-IF4CUFElIw=="}, "pb-IF5XUhQjPw==": {"name_html": "<img style=\"width:24px;height:24px;\" src=\"https://legacy.ballistica.net/img/char/99.png\">Ahirat", "kills": 0, "deaths": 1, "games": 1, "scores": 0, "aid": "pb-IF5XUhQjPw=="}, "pb-IF4uUWcFMA==": {"name_html": "<img style=\"width:24px;height:24px;\" src=\"https://legacy.ballistica.net/img/char/99.png\">LegalEel88", "kills": 22, "deaths": 18, "games": 5, "scores": 635, "aid": "pb-IF4uUWcFMA=="}, "pb-IF5TUWMqUQ==": {"name_html": "<img style=\"width:24px;height:24px;\" src=\"https://legacy.ballistica.net/img/char/99.png\">KindestS16", "kills": 0, "deaths": 0, "games": 2, "scores": 100, "aid": "pb-IF5TUWMqUQ=="}, "pb-IF4UUFE8AQ==": {"name_html": "<img style=\"width:24px;height:24px;\" src=\"https://legacy.ballistica.net/img/char/99.png\">Secreti757", "kills": 15, "deaths": 33, "games": 11, "scores": 230, "aid": "pb-IF4UUFE8AQ=="}, "pb-IF4vUBM7Ng==": {"name_html": "<img style=\"width:24px;height:24px;\" src=\"https://legacy.ballistica.net/img/char/72.png\">\ud83c\udf20\u0138\u0126\u00aa\u0105\u015e\u0127\u012b\u00b5\u2756\u275a", "kills": 1, "deaths": 6, "games": 4, "scores": 5, "aid": "pb-IF4vUBM7Ng=="}, "pb-IF4hUWQzAg==": {"name_html": "<img style=\"width:24px;height:24px;\" src=\"https://legacy.ballistica.net/img/char/50.png\">pepperoni", "kills": 11, "deaths": 15, "games": 4, "scores": 75, "aid": "pb-IF4hUWQzAg=="}, "pb-IF4lUWopVw==": {"name_html": "<img style=\"width:24px;height:24px;\" src=\"https://legacy.ballistica.net/img/char/99.png\">PiquantP29", "kills": 6, "deaths": 4, "games": 1, "scores": 355, "aid": "pb-IF4lUWopVw=="}, "pb-IF4uUWMMAg==": {"name_html": "<img style=\"width:24px;height:24px;\" src=\"https://legacy.ballistica.net/img/char/30.png\">LORDHanzoStar", "kills": 6, "deaths": 4, "games": 1, "scores": 35, "aid": "pb-IF4uUWMMAg=="}, "pb-IF41URcFCg==": {"name_html": "<img style=\"width:24px;height:24px;\" src=\"https://legacy.ballistica.net/img/char/99.png\">DingyLooko", "kills": 0, "deaths": 0, "games": 1, "scores": 0, "aid": "pb-IF41URcFCg=="}, "pb-IF4xUWUuHQ==": {"name_html": "<img style=\"width:24px;height:24px;\" src=\"https://legacy.ballistica.net/img/char/99.png\">KAMUNATI", "kills": 0, "deaths": 3, "games": 3, "scores": 0, "aid": "pb-IF4xUWUuHQ=="}, "pb-IF4nU1USNQ==": {"name_html": "<img style=\"width:24px;height:24px;\" src=\"https://legacy.ballistica.net/img/char/77.png\">\ud834\udd1f\u20dd\ud835\udc40\ud835\udcbe\ud835\udcc3\ud835\udcbe", "kills": 4, "deaths": 4, "games": 2, "scores": 25, "aid": "pb-IF4nU1USNQ=="}, "pb-IF4MVGcmIA==": {"name_html": "<img style=\"width:24px;height:24px;\" src=\"https://legacy.ballistica.net/img/char/99.png\">alfin740ID", "kills": 13, "deaths": 13, "games": 5, "scores": 115, "aid": "pb-IF4MVGcmIA=="}, "pb-IF4iUkkjAQ==": {"name_html": "<img style=\"width:24px;height:24px;\" src=\"https://legacy.ballistica.net/img/char/99.png\">sciple40o", "kills": 25, "deaths": 53, "games": 11, "scores": 410, "aid": "pb-IF4iUkkjAQ=="}, "pb-IF5XUHAoNw==": {"name_html": "<img style=\"width:24px;height:24px;\" src=\"https://legacy.ballistica.net/img/char/99.png\">Variega354", "kills": 1, "deaths": 1, "games": 1, "scores": 5, "aid": "pb-IF5XUHAoNw=="}, "pb-IF4AUGU4UA==": {"name_html": "<img style=\"width:24px;height:24px;\" src=\"https://legacy.ballistica.net/img/char/99.png\">FreshVoid5", "kills": 2, "deaths": 4, "games": 2, "scores": 10, "aid": "pb-IF4AUGU4UA=="}, "pb-IF4JUWECVA==": {"name_html": "<img style=\"width:24px;height:24px;\" src=\"https://legacy.ballistica.net/img/char/48.png\">Android67545106", "kills": 7, "deaths": 18, "games": 5, "scores": 260, "aid": "pb-IF4JUWECVA=="}, "pb-IF43UREbIw==": {"name_html": "<img style=\"width:24px;height:24px;\" src=\"https://legacy.ballistica.net/img/char/68.png\">(\u00d7_\u00d7)", "kills": 2, "deaths": 4, "games": 1, "scores": 315, "aid": "pb-IF43UREbIw=="}, "pb-IF4wUWo9Ew==": {"name_html": "<img style=\"width:24px;height:24px;\" src=\"https://legacy.ballistica.net/img/char/99.png\">destroy424", "kills": 51, "deaths": 61, "games": 14, "scores": 555, "aid": "pb-IF4wUWo9Ew=="}, "pb-IF4HUWoJCg==": {"name_html": "<img style=\"width:24px;height:24px;\" src=\"https://legacy.ballistica.net/img/char/99.png\">Caffei1363", "kills": 44, "deaths": 45, "games": 4, "scores": 570, "aid": "pb-IF4HUWoJCg=="}, "pb-IF4DUWZdPA==": {"name_html": "<img style=\"width:24px;height:24px;\" src=\"https://legacy.ballistica.net/img/char/99.png\">ShadikPG", "kills": 2, "deaths": 4, "games": 1, "scores": 15, "aid": "pb-IF4DUWZdPA=="}, "pb-IF5WUHMqJg==": {"name_html": "<img style=\"width:24px;height:24px;\" src=\"https://legacy.ballistica.net/img/char/99.png\">Adjusta418", "kills": 7, "deaths": 2, "games": 1, "scores": 45, "aid": "pb-IF5WUHMqJg=="}, "pb-IF5SUWkiMw==": {"name_html": "<img style=\"width:24px;height:24px;\" src=\"https://legacy.ballistica.net/img/char/99.png\">Needle1078", "kills": 16, "deaths": 26, "games": 8, "scores": 510, "aid": "pb-IF5SUWkiMw=="}, "pb-IF4QUWdTJg==": {"name_html": "<img style=\"width:24px;height:24px;\" src=\"https://legacy.ballistica.net/img/char/99.png\">TheCanary", "kills": 4, "deaths": 4, "games": 1, "scores": 120, "aid": "pb-IF4QUWdTJg=="}, "pb-IF4eVWUGVA==": {"name_html": "<img style=\"width:24px;height:24px;\" src=\"https://legacy.ballistica.net/img/char/67.png\">\u3042 \u250a S\u1d00\ua731\u1d1c\u1d0b\u1d07 \u3004 \u2601\ufe0f", "kills": 5, "deaths": 2, "games": 1, "scores": 125, "aid": "pb-IF4eVWUGVA=="}, "pb-IF5WV24JNQ==": {"name_html": "<img style=\"width:24px;height:24px;\" src=\"https://legacy.ballistica.net/img/char/72.png\">\u26a1Y\u0e4f H\u0e4fne\u213d\ud800\udf01unn\u213d\u26a1", "kills": 1, "deaths": 0, "games": 2, "scores": 105, "aid": "pb-IF5WV24JNQ=="}, "pb-IF4mUWQJIA==": {"name_html": "<img style=\"width:24px;height:24px;\" src=\"https://legacy.ballistica.net/img/char/99.png\">karizRaza", "kills": 6, "deaths": 6, "games": 1, "scores": 40, "aid": "pb-IF4mUWQJIA=="}, "pb-IF5TURMHEw==": {"name_html": "<img style=\"width:24px;height:24px;\" src=\"https://legacy.ballistica.net/img/char/99.png\">InterimAut", "kills": 0, "deaths": 0, "games": 1, "scores": 0, "aid": "pb-IF5TURMHEw=="}, "pb-IF4vDmEo": {"name_html": "<img style=\"width:24px;height:24px;\" src=\"https://legacy.ballistica.net/img/char/72.png\">\u2020\u210c\u25ce\u0491\u2122\u26a1", "kills": 0, "deaths": 0, "games": 1, "scores": 0, "aid": "pb-IF4vDmEo"}, "pb-IF4UUWolDg==": {"name_html": "<img style=\"width:24px;height:24px;\" src=\"https://legacy.ballistica.net/img/char/99.png\">Residua104", "kills": 0, "deaths": 7, "games": 1, "scores": 0, "aid": "pb-IF4UUWolDg=="}, "pb-IF4tURZcEw==": {"name_html": "<img style=\"width:24px;height:24px;\" src=\"https://legacy.ballistica.net/img/char/48.png\">Android67401636", "kills": 1, "deaths": 3, "games": 1, "scores": 10, "aid": "pb-IF4tURZcEw=="}, "pb-IF4KVBQ6LA==": {"name_html": "<img style=\"width:24px;height:24px;\" src=\"https://legacy.ballistica.net/img/char/99.png\">PinakSK29", "kills": 0, "deaths": 0, "games": 2, "scores": 0, "aid": "pb-IF4KVBQ6LA=="}, "pb-IF48VU4cAA==": {"name_html": "<img style=\"width:24px;height:24px;\" src=\"https://legacy.ballistica.net/img/char/99.png\">Tejasvsriv", "kills": 25, "deaths": 27, "games": 10, "scores": 220, "aid": "pb-IF48VU4cAA=="}, "pb-IF5QUGshEQ==": {"name_html": "<img style=\"width:24px;height:24px;\" src=\"https://legacy.ballistica.net/img/char/99.png\">StingyRuff", "kills": 10, "deaths": 22, "games": 5, "scores": 260, "aid": "pb-IF5QUGshEQ=="}, "pb-IF5SAm4_": {"name_html": "<img style=\"width:24px;height:24px;\" src=\"https://legacy.ballistica.net/img/char/99.png\">Yoboygo69", "kills": 18, "deaths": 19, "games": 5, "scores": 155, "aid": "pb-IF5SAm4_"}, "pb-IF4RURQlVg==": {"name_html": "<img style=\"width:24px;height:24px;\" src=\"https://legacy.ballistica.net/img/char/99.png\">SuppleHem7", "kills": 9, "deaths": 22, "games": 2, "scores": 80, "aid": "pb-IF4RURQlVg=="}, "pb-IF4VUEsbCw==": {"name_html": "<img style=\"width:24px;height:24px;\" src=\"https://legacy.ballistica.net/img/char/67.png\">^A\u0489L\u0489A\u0489A\u0489^", "kills": 20, "deaths": 23, "games": 8, "scores": 520, "aid": "pb-IF4VUEsbCw=="}, "pb-IF4-U1IHMw==": {"name_html": "<img style=\"width:24px;height:24px;\" src=\"https://legacy.ballistica.net/img/char/72.png\">\u04c7\u019b\u01a6\u01a7\u04c7\u0196\u01ac\u01a0\u01a4", "kills": 7, "deaths": 6, "games": 2, "scores": 40, "aid": "pb-IF4-U1IHMw=="}, "pb-IF4CUmQlUw==": {"name_html": "<img style=\"width:24px;height:24px;\" src=\"https://legacy.ballistica.net/img/char/99.png\">Thunderg39", "kills": 39, "deaths": 58, "games": 15, "scores": 620, "aid": "pb-IF4CUmQlUw=="}, "pb-IF49UWkSEw==": {"name_html": "<img style=\"width:24px;height:24px;\" src=\"https://legacy.ballistica.net/img/char/99.png\">Boom3819", "kills": 1, "deaths": 4, "games": 1, "scores": 5, "aid": "pb-IF49UWkSEw=="}, "pb-IF4XUWdZNA==": {"name_html": "<img style=\"width:24px;height:24px;\" src=\"https://legacy.ballistica.net/img/char/99.png\">PrivyProgr", "kills": 36, "deaths": 55, "games": 11, "scores": 665, "aid": "pb-IF4XUWdZNA=="}, "pb-IF4JVFA6LQ==": {"name_html": "<img style=\"width:24px;height:24px;\" src=\"https://legacy.ballistica.net/img/char/99.png\">HELL502LOR", "kills": 4, "deaths": 7, "games": 1, "scores": 50, "aid": "pb-IF4JVFA6LQ=="}, "pb-IF4yUhJdEQ==": {"name_html": "<img style=\"width:24px;height:24px;\" src=\"https://legacy.ballistica.net/img/char/99.png\">Fearsome50", "kills": 9, "deaths": 10, "games": 1, "scores": 655, "aid": "pb-IF4yUhJdEQ=="}, "pb-IF4cUWYMEg==": {"name_html": "<img style=\"width:24px;height:24px;\" src=\"https://legacy.ballistica.net/img/char/99.png\">Farthest41", "kills": 8, "deaths": 6, "games": 2, "scores": 85, "aid": "pb-IF4cUWYMEg=="}, "pb-JiNJARBdVUFFWlxBFkFVU1NAEEBZQlJB": {"name_html": "<img style=\"width:24px;height:24px;\" src=\"https://legacy.ballistica.net/img/char/99.png\">SleepyChic", "kills": 10, "deaths": 19, "games": 6, "scores": 65, "aid": "pb-JiNJARBdVUFFWlxBFkFVU1NAEEBZQlJB"}, "pb-JiNJARBaVEpBXldHEEBVUFBBEURYQFBB": {"name_html": "<img style=\"width:24px;height:24px;\" src=\"https://legacy.ballistica.net/img/char/99.png\">ScarredMar", "kills": 17, "deaths": 14, "games": 8, "scores": 310, "aid": "pb-JiNJARBaVEpBXldHEEBVUFBBEURYQFBB"}, "pb-IF5SURElLA==": {"name_html": "<img style=\"width:24px;height:24px;\" src=\"https://legacy.ballistica.net/img/char/99.png\">SavorySpec", "kills": 2, "deaths": 2, "games": 2, "scores": 60, "aid": "pb-IF5SURElLA=="}, "pb-IF4lURYTVg==": {"name_html": "<img style=\"width:24px;height:24px;\" src=\"https://legacy.ballistica.net/img/char/96.png\">wiggy", "kills": 8, "deaths": 13, "games": 4, "scores": 190, "aid": "pb-IF4lURYTVg=="}, "pb-IF4uAmw5": {"name_html": "<img style=\"width:24px;height:24px;\" src=\"https://legacy.ballistica.net/img/char/99.png\">smitsomaiy", "kills": 3, "deaths": 3, "games": 3, "scores": 165, "aid": "pb-IF4uAmw5"}, "pb-IF4RUFoCLA==": {"name_html": "<img style=\"width:24px;height:24px;\" src=\"https://legacy.ballistica.net/img/char/99.png\">Sai143v", "kills": 0, "deaths": 2, "games": 2, "scores": 0, "aid": "pb-IF4RUFoCLA=="}, "pb-IF4uUHUMLA==": {"name_html": "<img style=\"width:24px;height:24px;\" src=\"https://legacy.ballistica.net/img/char/99.png\">ColderAqua", "kills": 3, "deaths": 5, "games": 3, "scores": 15, "aid": "pb-IF4uUHUMLA=="}, "pb-IF4GU0oFHA==": {"name_html": "<img style=\"width:24px;height:24px;\" src=\"https://legacy.ballistica.net/img/char/99.png\">RashLiquid", "kills": 5, "deaths": 6, "games": 1, "scores": 35, "aid": "pb-IF4GU0oFHA=="}, "pb-IF5SU3ZdVA==": {"name_html": "<img style=\"width:24px;height:24px;\" src=\"https://legacy.ballistica.net/img/char/99.png\">Friendl283", "kills": 3, "deaths": 4, "games": 6, "scores": 20, "aid": "pb-IF5SU3ZdVA=="}, "pb-IF4AUWdSUA==": {"name_html": "<img style=\"width:24px;height:24px;\" src=\"https://legacy.ballistica.net/img/char/99.png\">NoName11241978", "kills": 15, "deaths": 24, "games": 5, "scores": 110, "aid": "pb-IF4AUWdSUA=="}, "pb-IF5TUmVYCw==": {"name_html": "<img style=\"width:24px;height:24px;\" src=\"https://legacy.ballistica.net/img/char/99.png\">FuriousFa7", "kills": 1, "deaths": 4, "games": 2, "scores": 105, "aid": "pb-IF5TUmVYCw=="}, "pb-IF4DUWUBCg==": {"name_html": "<img style=\"width:24px;height:24px;\" src=\"https://legacy.ballistica.net/img/char/99.png\">Devion", "kills": 18, "deaths": 50, "games": 4, "scores": 920, "aid": "pb-IF4DUWUBCg=="}, "pb-IF4dVUw8KA==": {"name_html": "<img style=\"width:24px;height:24px;\" src=\"https://legacy.ballistica.net/img/char/99.png\">OwnPerusal", "kills": 0, "deaths": 4, "games": 3, "scores": 0, "aid": "pb-IF4dVUw8KA=="}, "pb-IF40UWcHFw==": {"name_html": "<img style=\"width:24px;height:24px;\" src=\"https://legacy.ballistica.net/img/char/99.png\">devilRohi5", "kills": 1, "deaths": 3, "games": 1, "scores": 5, "aid": "pb-IF40UWcHFw=="}, "pb-JiNJARFaVkFAXlZAFU9SVFRFEUFZTlJB": {"name_html": "<img style=\"width:24px;height:24px;\" src=\"https://legacy.ballistica.net/img/char/99.png\">MIDHUNCKGA", "kills": 41, "deaths": 73, "games": 11, "scores": 395, "aid": "pb-JiNJARFaVkFAXlZAFU9SVFRFEUFZTlJB"}, "pb-IF4iUG0kBw==": {"name_html": "<img style=\"width:24px;height:24px;\" src=\"https://legacy.ballistica.net/img/char/99.png\">KJ7", "kills": 12, "deaths": 22, "games": 5, "scores": 420, "aid": "pb-IF4iUG0kBw=="}, "pb-IF4mUWkCFw==": {"name_html": "<img style=\"width:24px;height:24px;\" src=\"https://legacy.ballistica.net/img/char/99.png\">RelatedFe6", "kills": 0, "deaths": 4, "games": 2, "scores": 0, "aid": "pb-IF4mUWkCFw=="}, "pb-IF4wUWQNFg==": {"name_html": "<img style=\"width:24px;height:24px;\" src=\"https://legacy.ballistica.net/img/char/30.png\">POPPY", "kills": 9, "deaths": 29, "games": 2, "scores": 50, "aid": "pb-IF4wUWQNFg=="}, "pb-IF4PUlhcIA==": {"name_html": "<img style=\"width:24px;height:24px;\" src=\"https://legacy.ballistica.net/img/char/99.png\">LazyPitch1", "kills": 0, "deaths": 6, "games": 4, "scores": 0, "aid": "pb-IF4PUlhcIA=="}, "pb-IF41UWgzEQ==": {"name_html": "<img style=\"width:24px;height:24px;\" src=\"https://legacy.ballistica.net/img/char/48.png\">Android67685385", "kills": 0, "deaths": 2, "games": 1, "scores": 0, "aid": "pb-IF41UWgzEQ=="}, "pb-IF4KU1McAA==": {"name_html": "<img style=\"width:24px;height:24px;\" src=\"https://legacy.ballistica.net/img/char/99.png\">Unbreaka97", "kills": 179, "deaths": 366, "games": 85, "scores": 4905, "aid": "pb-IF4KU1McAA=="}, "pb-IF4yUWUBPQ==": {"name_html": "<img style=\"width:24px;height:24px;\" src=\"https://legacy.ballistica.net/img/char/99.png\">SneakyTr13", "kills": 0, "deaths": 0, "games": 1, "scores": 0, "aid": "pb-IF4yUWUBPQ=="}, "pb-IF5dURZTIg==": {"name_html": "<img style=\"width:24px;height:24px;\" src=\"https://legacy.ballistica.net/img/char/99.png\">luckysoma1", "kills": 4, "deaths": 6, "games": 2, "scores": 25, "aid": "pb-IF5dURZTIg=="}, "pb-IF4TURMmBw==": {"name_html": "<img style=\"width:24px;height:24px;\" src=\"https://legacy.ballistica.net/img/char/99.png\">Interna580", "kills": 13, "deaths": 19, "games": 2, "scores": 145, "aid": "pb-IF4TURMmBw=="}, "pb-IF4-UGk_Dg==": {"name_html": "<img style=\"width:24px;height:24px;\" src=\"https://legacy.ballistica.net/img/char/99.png\">ritunjayme", "kills": 8, "deaths": 16, "games": 3, "scores": 45, "aid": "pb-IF4-UGk_Dg=="}, "pb-IF4XUFFeKQ==": {"name_html": "<img style=\"width:24px;height:24px;\" src=\"https://legacy.ballistica.net/img/char/48.png\">Android66652865", "kills": 3, "deaths": 9, "games": 3, "scores": 115, "aid": "pb-IF4XUFFeKQ=="}, "pb-IF4sUmwhIg==": {"name_html": "<img style=\"width:24px;height:24px;\" src=\"https://legacy.ballistica.net/img/char/99.png\">BubblyFarr", "kills": 20, "deaths": 24, "games": 6, "scores": 670, "aid": "pb-IF4sUmwhIg=="}, "pb-IF4lI08x": {"name_html": "<img style=\"width:24px;height:24px;\" src=\"https://legacy.ballistica.net/img/char/99.png\">aryan8434", "kills": 14, "deaths": 11, "games": 2, "scores": 175, "aid": "pb-IF4lI08x"}, "pb-IF4PU0gdJw==": {"name_html": "<img style=\"width:24px;height:24px;\" src=\"https://legacy.ballistica.net/img/char/99.png\">BLEEDLORD2", "kills": 8, "deaths": 4, "games": 2, "scores": 55, "aid": "pb-IF4PU0gdJw=="}, "pb-IF4dUBUYLw==": {"name_html": "<img style=\"width:24px;height:24px;\" src=\"https://legacy.ballistica.net/img/char/99.png\">GrossDrawe", "kills": 20, "deaths": 11, "games": 6, "scores": 375, "aid": "pb-IF4dUBUYLw=="}, "pb-IF4cU3oqCg==": {"name_html": "<img style=\"width:24px;height:24px;\" src=\"https://legacy.ballistica.net/img/char/99.png\">WHITESHARK", "kills": 25, "deaths": 42, "games": 10, "scores": 990, "aid": "pb-IF4cU3oqCg=="}, "pb-IF42UGsCNA==": {"name_html": "<img style=\"width:24px;height:24px;\" src=\"https://legacy.ballistica.net/img/char/77.png\">\ud83d\udc51\u2665\ufe0f_t", "kills": 4, "deaths": 3, "games": 1, "scores": 25, "aid": "pb-IF42UGsCNA=="}, "pb-IF4iUFZfVg==": {"name_html": "<img style=\"width:24px;height:24px;\" src=\"https://legacy.ballistica.net/img/char/99.png\">Enforce615", "kills": 5, "deaths": 8, "games": 1, "scores": 30, "aid": "pb-IF4iUFZfVg=="}, "pb-IF4dVUNTFw==": {"name_html": "<img style=\"width:24px;height:24px;\" src=\"https://legacy.ballistica.net/img/char/99.png\">THEDRAGONH", "kills": 1, "deaths": 5, "games": 4, "scores": 155, "aid": "pb-IF4dVUNTFw=="}, "pb-IF4KVXBYEQ==": {"name_html": "<img style=\"width:24px;height:24px;\" src=\"https://legacy.ballistica.net/img/char/99.png\">StormyList", "kills": 2, "deaths": 4, "games": 1, "scores": 15, "aid": "pb-IF4KVXBYEQ=="}, "pb-IF5TVxAjFA==": {"name_html": "<img style=\"width:24px;height:24px;\" src=\"https://legacy.ballistica.net/img/char/99.png\">SquareCow2", "kills": 0, "deaths": 1, "games": 1, "scores": 0, "aid": "pb-IF5TVxAjFA=="}, "pb-IF4PVFYTAQ==": {"name_html": "<img style=\"width:24px;height:24px;\" src=\"https://legacy.ballistica.net/img/char/68.png\">Pro J", "kills": 3, "deaths": 4, "games": 2, "scores": 70, "aid": "pb-IF4PVFYTAQ=="}, "pb-IF4dUWgcLw==": {"name_html": "<img style=\"width:24px;height:24px;\" src=\"https://legacy.ballistica.net/img/char/99.png\">PervyySage", "kills": 39, "deaths": 40, "games": 8, "scores": 365, "aid": "pb-IF4dUWgcLw=="}, "pb-IF5QUEs-JA==": {"name_html": "<img style=\"width:24px;height:24px;\" src=\"https://legacy.ballistica.net/img/char/99.png\">BaapPLAYER", "kills": 5, "deaths": 10, "games": 4, "scores": 85, "aid": "pb-IF5QUEs-JA=="}, "pb-IF4UURMOMQ==": {"name_html": "<img style=\"width:24px;height:24px;\" src=\"https://legacy.ballistica.net/img/char/48.png\">Android67312593", "kills": 11, "deaths": 15, "games": 4, "scores": 210, "aid": "pb-IF4UURMOMQ=="}, "pb-IF5SUFAOCw==": {"name_html": "<img style=\"width:24px;height:24px;\" src=\"https://legacy.ballistica.net/img/char/99.png\">Mortal234", "kills": 2, "deaths": 7, "games": 1, "scores": 10, "aid": "pb-IF5SUFAOCw=="}, "pb-IF4NV1AMLA==": {"name_html": "<img style=\"width:24px;height:24px;\" src=\"https://legacy.ballistica.net/img/char/99.png\">nehalhasan", "kills": 3, "deaths": 2, "games": 2, "scores": 20, "aid": "pb-IF4NV1AMLA=="}, "pb-IF4SUFgHMw==": {"name_html": "<img style=\"width:24px;height:24px;\" src=\"https://legacy.ballistica.net/img/char/99.png\">Artasukipa", "kills": 0, "deaths": 0, "games": 1, "scores": 0, "aid": "pb-IF4SUFgHMw=="}, "pb-IF4dUWQDHQ==": {"name_html": "<img style=\"width:24px;height:24px;\" src=\"https://legacy.ballistica.net/img/char/99.png\">PurplishOc", "kills": 0, "deaths": 2, "games": 1, "scores": 0, "aid": "pb-IF4dUWQDHQ=="}, "pb-IF4tMUEu": {"name_html": "<img style=\"width:24px;height:24px;\" src=\"https://legacy.ballistica.net/img/char/99.png\">JumpingM45", "kills": 1, "deaths": 3, "games": 3, "scores": 10, "aid": "pb-IF4tMUEu"}, "pb-IF4SF0Em": {"name_html": "<img style=\"width:24px;height:24px;\" src=\"https://legacy.ballistica.net/img/char/79.png\">Y\u00f8 Y\u00f8 Y\u00f8", "kills": 10, "deaths": 10, "games": 3, "scores": 145, "aid": "pb-IF4SF0Em"}, "pb-IF4GUGkMFg==": {"name_html": "<img style=\"width:24px;height:24px;\" src=\"https://legacy.ballistica.net/img/char/99.png\">hellominij", "kills": 0, "deaths": 5, "games": 1, "scores": 0, "aid": "pb-IF4GUGkMFg=="}, "pb-IF4CUhBdFA==": {"name_html": "<img style=\"width:24px;height:24px;\" src=\"https://legacy.ballistica.net/img/char/30.png\">AVI_1304", "kills": 0, "deaths": 0, "games": 1, "scores": 0, "aid": "pb-IF4CUhBdFA=="}, "pb-IF5QJ1c7": {"name_html": "<img style=\"width:24px;height:24px;\" src=\"https://legacy.ballistica.net/img/char/74.png\">\u300aMENTAL\u300bMUND@~", "kills": 2, "deaths": 1, "games": 2, "scores": 10, "aid": "pb-IF5QJ1c7"}, "pb-IF4dUE8jFQ==": {"name_html": "<img style=\"width:24px;height:24px;\" src=\"https://legacy.ballistica.net/img/char/48.png\">Android66614199", "kills": 0, "deaths": 0, "games": 1, "scores": 0, "aid": "pb-IF4dUE8jFQ=="}, "pb-IF4HUhFYKw==": {"name_html": "<img style=\"width:24px;height:24px;\" src=\"https://legacy.ballistica.net/img/char/99.png\">NetTarget7", "kills": 3, "deaths": 4, "games": 2, "scores": 45, "aid": "pb-IF4HUhFYKw=="}, "pb-IF4BUWkNKA==": {"name_html": "<img style=\"width:24px;height:24px;\" src=\"https://legacy.ballistica.net/img/char/99.png\">Unrecog873", "kills": 61, "deaths": 80, "games": 14, "scores": 1995, "aid": "pb-IF4BUWkNKA=="}, "pb-IF4DUWM6Fw==": {"name_html": "<img style=\"width:24px;height:24px;\" src=\"https://legacy.ballistica.net/img/char/99.png\">ConcaveAmb", "kills": 11, "deaths": 28, "games": 10, "scores": 125, "aid": "pb-IF4DUWM6Fw=="}, "pb-IF41URI7Ig==": {"name_html": "<img style=\"width:24px;height:24px;\" src=\"https://legacy.ballistica.net/img/char/99.png\">FluidCarri", "kills": 3, "deaths": 2, "games": 1, "scores": 20, "aid": "pb-IF41URI7Ig=="}, "pb-IF4yURg6Bw==": {"name_html": "<img style=\"width:24px;height:24px;\" src=\"https://legacy.ballistica.net/img/char/48.png\">Android67495370", "kills": 1, "deaths": 11, "games": 3, "scores": 10, "aid": "pb-IF4yURg6Bw=="}, "pb-JiNJARFeVUtDVV1DF05VUlBLGUhYQFlA": {"name_html": "<img style=\"width:24px;height:24px;\" src=\"https://legacy.ballistica.net/img/char/99.png\">deku7", "kills": 2, "deaths": 4, "games": 2, "scores": 10, "aid": "pb-JiNJARFeVUtDVV1DF05VUlBLGUhYQFlA"}, "pb-IF4BURMdVg==": {"name_html": "<img style=\"width:24px;height:24px;\" src=\"https://legacy.ballistica.net/img/char/74.png\">\u13df\u13de\u13aa\u13c6\u13d2\u13ac", "kills": 0, "deaths": 3, "games": 1, "scores": 0, "aid": "pb-IF4BURMdVg=="}, "pb-IF4JU1YgLw==": {"name_html": "<img style=\"width:24px;height:24px;\" src=\"https://legacy.ballistica.net/img/char/99.png\">SrinidhiDS", "kills": 0, "deaths": 0, "games": 1, "scores": 0, "aid": "pb-IF4JU1YgLw=="}, "pb-IF4cVRgTMg==": {"name_html": "<img style=\"width:24px;height:24px;\" src=\"https://legacy.ballistica.net/img/char/99.png\">SmartestCi", "kills": 3, "deaths": 7, "games": 3, "scores": 40, "aid": "pb-IF4cVRgTMg=="}, "pb-IF4eV1IeDw==": {"name_html": "<img style=\"width:24px;height:24px;\" src=\"https://legacy.ballistica.net/img/char/99.png\">NoName71928f", "kills": 16, "deaths": 17, "games": 7, "scores": 205, "aid": "pb-IF4eV1IeDw=="}, "pb-IF4OUWMfIw==": {"name_html": "<img style=\"width:24px;height:24px;\" src=\"https://legacy.ballistica.net/img/char/99.png\">PervySage5", "kills": 2, "deaths": 4, "games": 2, "scores": 210, "aid": "pb-IF4OUWMfIw=="}, "pb-IF4sUWkJLA==": {"name_html": "<img style=\"width:24px;height:24px;\" src=\"https://legacy.ballistica.net/img/char/99.png\">Magneti452", "kills": 1, "deaths": 4, "games": 2, "scores": 5, "aid": "pb-IF4sUWkJLA=="}, "pb-IF4MUWcxFg==": {"name_html": "<img style=\"width:24px;height:24px;\" src=\"https://legacy.ballistica.net/img/char/99.png\">DualMalice", "kills": 47, "deaths": 75, "games": 35, "scores": 955, "aid": "pb-IF4MUWcxFg=="}, "pb-IF5VUlYDHQ==": {"name_html": "<img style=\"width:24px;height:24px;\" src=\"https://legacy.ballistica.net/img/char/48.png\">Android59349492", "kills": 6, "deaths": 6, "games": 4, "scores": 145, "aid": "pb-IF5VUlYDHQ=="}, "pb-IF5SURgzCA==": {"name_html": "<img style=\"width:24px;height:24px;\" src=\"https://legacy.ballistica.net/img/char/99.png\">TokenInver", "kills": 0, "deaths": 1, "games": 1, "scores": 0, "aid": "pb-IF5SURgzCA=="}, "pb-IF4MURUgVw==": {"name_html": "<img style=\"width:24px;height:24px;\" src=\"https://legacy.ballistica.net/img/char/30.png\">\u0627\u0645\u06cc\u0646 \u0644\u0628\u0627\u0634\u06af", "kills": 0, "deaths": 7, "games": 1, "scores": 0, "aid": "pb-IF4MURUgVw=="}, "pb-JiNJARFbUURHVV9BE0ZRXFREF0NXQldK": {"name_html": "<img style=\"width:24px;height:24px;\" src=\"https://legacy.ballistica.net/img/char/99.png\">Larry10Pla", "kills": 23, "deaths": 37, "games": 8, "scores": 400, "aid": "pb-JiNJARFbUURHVV9BE0ZRXFREF0NXQldK"}, "pb-IF4UUWUCCw==": {"name_html": "<img style=\"width:24px;height:24px;\" src=\"https://legacy.ballistica.net/img/char/99.png\">FoolishSem", "kills": 6, "deaths": 21, "games": 6, "scores": 45, "aid": "pb-IF4UUWUCCw=="}, "pb-JiNJARBaUkZAXFdHFUJVVlNKF0BXQ1NH": {"name_html": "<img style=\"width:24px;height:24px;\" src=\"https://legacy.ballistica.net/img/char/67.png\">\ud835\udc6d\ud835\udc76\ud835\udc7f\ud835\udc6c\ud835\udc80\u219e", "kills": 42, "deaths": 46, "games": 20, "scores": 1640, "aid": "pb-JiNJARBaUkZAXFdHFUJVVlNKF0BXQ1NH"}, "pb-IF4HUWYdCw==": {"name_html": "<img style=\"width:24px;height:24px;\" src=\"https://legacy.ballistica.net/img/char/99.png\">AmmarBinYa", "kills": 3, "deaths": 6, "games": 2, "scores": 125, "aid": "pb-IF4HUWYdCw=="}, "pb-IF4WLnYu": {"name_html": "<img style=\"width:24px;height:24px;\" src=\"https://legacy.ballistica.net/img/char/68.png\">DADDY \ud83d\ude12\ud83d\ude12", "kills": 15, "deaths": 21, "games": 7, "scores": 1350, "aid": "pb-IF4WLnYu"}, "pb-IF4-UlAaDQ==": {"name_html": "<img style=\"width:24px;height:24px;\" src=\"https://legacy.ballistica.net/img/char/99.png\">TheRobin20", "kills": 84, "deaths": 186, "games": 22, "scores": 990, "aid": "pb-IF4-UlAaDQ=="}, "pb-IF4wUlk7PQ==": {"name_html": "<img style=\"width:24px;height:24px;\" src=\"https://legacy.ballistica.net/img/char/99.png\">RankHoplit", "kills": 6, "deaths": 14, "games": 1, "scores": 60, "aid": "pb-IF4wUlk7PQ=="}, "pb-IF4WUFo9KA==": {"name_html": "<img style=\"width:24px;height:24px;\" src=\"https://legacy.ballistica.net/img/char/30.png\">HaggardLib", "kills": 40, "deaths": 36, "games": 13, "scores": 1375, "aid": "pb-IF4WUFo9KA=="}, "pb-IF5UUWUOUQ==": {"name_html": "<img style=\"width:24px;height:24px;\" src=\"https://legacy.ballistica.net/img/char/32.png\">AvailableCow45", "kills": 33, "deaths": 20, "games": 3, "scores": 655, "aid": "pb-IF5UUWUOUQ=="}, "pb-JiNJARFaUUNEVVlCE0NTVVFEEUFYT1NG": {"name_html": "<img style=\"width:24px;height:24px;\" src=\"https://legacy.ballistica.net/img/char/99.png\">Trickste14", "kills": 0, "deaths": 1, "games": 1, "scores": 0, "aid": "pb-JiNJARFaUUNEVVlCE0NTVVFEEUFYT1NG"}, "pb-IF4SVWkiUg==": {"name_html": "<img style=\"width:24px;height:24px;\" src=\"https://legacy.ballistica.net/img/char/99.png\">Diplom1023", "kills": 4, "deaths": 11, "games": 6, "scores": 25, "aid": "pb-IF4SVWkiUg=="}, "pb-IF4AUHhYPQ==": {"name_html": "<img style=\"width:24px;height:24px;\" src=\"https://legacy.ballistica.net/img/char/99.png\">EerieTenac", "kills": 4, "deaths": 4, "games": 1, "scores": 20, "aid": "pb-IF4AUHhYPQ=="}, "pb-IF4WUWcdUQ==": {"name_html": "<img style=\"width:24px;height:24px;\" src=\"https://legacy.ballistica.net/img/char/99.png\">HumblerStr", "kills": 15, "deaths": 20, "games": 2, "scores": 125, "aid": "pb-IF4WUWcdUQ=="}, "pb-JiNJARBfVEZAXlhAEkJZXVBHE0hXR1FE": {"name_html": "<img style=\"width:24px;height:24px;\" src=\"https://legacy.ballistica.net/img/char/99.png\">Jho7nny", "kills": 4, "deaths": 14, "games": 3, "scores": 20, "aid": "pb-JiNJARBfVEZAXlhAEkJZXVBHE0hXR1FE"}, "pb-IF4mVXExVA==": {"name_html": "<img style=\"width:24px;height:24px;\" src=\"https://legacy.ballistica.net/img/char/48.png\">Android49369628", "kills": 11, "deaths": 16, "games": 4, "scores": 220, "aid": "pb-IF4mVXExVA=="}, "pb-JiNJARBdXERBVFtCEEZYUVxCFUBYQVVA": {"name_html": "<img style=\"width:24px;height:24px;\" src=\"https://legacy.ballistica.net/img/char/99.png\">SilverArt5", "kills": 1, "deaths": 2, "games": 1, "scores": 5, "aid": "pb-JiNJARBdXERBVFtCEEZYUVxCFUBYQVVA"}, "pb-IF4iUm0HEA==": {"name_html": "<img style=\"width:24px;height:24px;\" src=\"https://legacy.ballistica.net/img/char/68.png\">edgefef", "kills": 16, "deaths": 28, "games": 5, "scores": 175, "aid": "pb-IF4iUm0HEA=="}, "pb-IF41URAoFg==": {"name_html": "<img style=\"width:24px;height:24px;\" src=\"https://legacy.ballistica.net/img/char/30.png\">Silence...", "kills": 9, "deaths": 39, "games": 6, "scores": 55, "aid": "pb-IF41URAoFg=="}, "pb-IF4IUWYnMg==": {"name_html": "<img style=\"width:24px;height:24px;\" src=\"https://legacy.ballistica.net/img/char/48.png\">Android67648597", "kills": 8, "deaths": 13, "games": 5, "scores": 105, "aid": "pb-IF4IUWYnMg=="}, "pb-JiNJARBbVkdJXldJEENZVV1CEURZQFFG": {"name_html": "<img style=\"width:24px;height:24px;\" src=\"https://legacy.ballistica.net/img/char/99.png\">AssHunter5", "kills": 42, "deaths": 38, "games": 6, "scores": 1375, "aid": "pb-JiNJARBbVkdJXldJEENZVV1CEURZQFFG"}, "pb-IF5RUWkGUg==": {"name_html": "<img style=\"width:24px;height:24px;\" src=\"https://legacy.ballistica.net/img/char/99.png\">AtrociousJ", "kills": 0, "deaths": 10, "games": 3, "scores": 0, "aid": "pb-IF5RUWkGUg=="}, "pb-IF4lUBUFVQ==": {"name_html": "<img style=\"width:24px;height:24px;\" src=\"https://legacy.ballistica.net/img/char/30.png\">\u9ad8\u53ea\u56e0", "kills": 86, "deaths": 112, "games": 24, "scores": 1205, "aid": "pb-IF4lUBUFVQ=="}, "pb-IF5VUkcmUA==": {"name_html": "<img style=\"width:24px;height:24px;\" src=\"https://legacy.ballistica.net/img/char/30.png\">jichu", "kills": 0, "deaths": 0, "games": 1, "scores": 0, "aid": "pb-IF5VUkcmUA=="}, "pb-JiNJARBYV0NCWFdDGU5WXFZEEERXRVJK": {"name_html": "<img style=\"width:24px;height:24px;\" src=\"https://legacy.ballistica.net/img/char/99.png\">CleanCrim3", "kills": 0, "deaths": 0, "games": 1, "scores": 0, "aid": "pb-JiNJARBYV0NCWFdDGU5WXFZEEERXRVJK"}, "pb-IF4HAHUO": {"name_html": "<img style=\"width:24px;height:24px;\" src=\"https://legacy.ballistica.net/img/char/99.png\">PIRATE8", "kills": 6, "deaths": 5, "games": 5, "scores": 195, "aid": "pb-IF4HAHUO"}, "pb-IF5QUWoJDw==": {"name_html": "<img style=\"width:24px;height:24px;\" src=\"https://legacy.ballistica.net/img/char/99.png\">StellarOb3", "kills": 0, "deaths": 4, "games": 2, "scores": 0, "aid": "pb-IF5QUWoJDw=="}, "pb-IF5UUWUHFw==": {"name_html": "<img style=\"width:24px;height:24px;\" src=\"https://legacy.ballistica.net/img/char/99.png\">PlaidLugga", "kills": 8, "deaths": 19, "games": 4, "scores": 70, "aid": "pb-IF5UUWUHFw=="}, "pb-IF4QU0UOFg==": {"name_html": "<img style=\"width:24px;height:24px;\" src=\"https://legacy.ballistica.net/img/char/66.png\">HP=OMAN", "kills": 6, "deaths": 13, "games": 3, "scores": 90, "aid": "pb-IF4QU0UOFg=="}, "pb-IF5WU3ciDw==": {"name_html": "<img style=\"width:24px;height:24px;\" src=\"https://legacy.ballistica.net/img/char/99.png\">NoNameB3850781", "kills": 0, "deaths": 1, "games": 1, "scores": 0, "aid": "pb-IF5WU3ciDw=="}, "pb-IF4rUWpcPA==": {"name_html": "<img style=\"width:24px;height:24px;\" src=\"https://legacy.ballistica.net/img/char/99.png\">TimelyRefu", "kills": 2, "deaths": 2, "games": 1, "scores": 10, "aid": "pb-IF4rUWpcPA=="}, "pb-IF4nUWU4Kw==": {"name_html": "<img style=\"width:24px;height:24px;\" src=\"https://legacy.ballistica.net/img/char/99.png\">gamerpartu", "kills": 10, "deaths": 4, "games": 1, "scores": 275, "aid": "pb-IF4nUWU4Kw=="}, "pb-IF42UWdTPw==": {"name_html": "<img style=\"width:24px;height:24px;\" src=\"https://legacy.ballistica.net/img/char/99.png\">Desolat554", "kills": 27, "deaths": 49, "games": 13, "scores": 275, "aid": "pb-IF42UWdTPw=="}, "pb-IF5VUWdfEQ==": {"name_html": "<img style=\"width:24px;height:24px;\" src=\"https://legacy.ballistica.net/img/char/99.png\">Undese1698", "kills": 12, "deaths": 14, "games": 5, "scores": 385, "aid": "pb-IF5VUWdfEQ=="}, "pb-IF4nURcJFg==": {"name_html": "<img style=\"width:24px;height:24px;\" src=\"https://legacy.ballistica.net/img/char/99.png\">YOOSUF110", "kills": 3, "deaths": 2, "games": 3, "scores": 265, "aid": "pb-IF4nURcJFg=="}, "pb-IF43URdZFw==": {"name_html": "<img style=\"width:24px;height:24px;\" src=\"https://legacy.ballistica.net/img/char/99.png\">abdotheki4", "kills": 0, "deaths": 6, "games": 4, "scores": 0, "aid": "pb-IF43URdZFw=="}, "pb-IF4DUk8kBg==": {"name_html": "<img style=\"width:24px;height:24px;\" src=\"https://legacy.ballistica.net/img/char/99.png\">HawtManage", "kills": 34, "deaths": 34, "games": 8, "scores": 690, "aid": "pb-IF4DUk8kBg=="}, "pb-IF5VUlgEBw==": {"name_html": "<img style=\"width:24px;height:24px;\" src=\"https://legacy.ballistica.net/img/char/61.png\">Koko_dino", "kills": 15, "deaths": 23, "games": 5, "scores": 120, "aid": "pb-IF5VUlgEBw=="}, "pb-IF4FUWY6Bw==": {"name_html": "<img style=\"width:24px;height:24px;\" src=\"https://legacy.ballistica.net/img/char/48.png\">Android67651656", "kills": 10, "deaths": 17, "games": 6, "scores": 75, "aid": "pb-IF4FUWY6Bw=="}, "pb-IF4yUHRTIQ==": {"name_html": "<img style=\"width:24px;height:24px;\" src=\"https://legacy.ballistica.net/img/char/67.png\">m.j\u034f", "kills": 38, "deaths": 59, "games": 9, "scores": 225, "aid": "pb-IF4yUHRTIQ=="}, "pb-IF4SU0wDJA==": {"name_html": "<img style=\"width:24px;height:24px;\" src=\"https://legacy.ballistica.net/img/char/72.png\">\u01a4\u01a6\u01a0\u01ac\u0196\u01ac\u019b\u019d", "kills": 0, "deaths": 2, "games": 1, "scores": 100, "aid": "pb-IF4SU0wDJA=="}, "pb-IF4cUGYyJg==": {"name_html": "<img style=\"width:24px;height:24px;\" src=\"https://legacy.ballistica.net/img/char/99.png\">Notewor297", "kills": 8, "deaths": 49, "games": 6, "scores": 95, "aid": "pb-IF4cUGYyJg=="}, "pb-IF4AUFdZLw==": {"name_html": "<img style=\"width:24px;height:24px;\" src=\"https://legacy.ballistica.net/img/char/99.png\">Nirvair", "kills": 4, "deaths": 12, "games": 1, "scores": 30, "aid": "pb-IF4AUFdZLw=="}, "pb-IF4nUHUEIA==": {"name_html": "<img style=\"width:24px;height:24px;\" src=\"https://legacy.ballistica.net/img/char/99.png\">Amirgame16", "kills": 3, "deaths": 6, "games": 1, "scores": 20, "aid": "pb-IF4nUHUEIA=="}, "pb-IF4oURJYJw==": {"name_html": "<img style=\"width:24px;height:24px;\" src=\"https://legacy.ballistica.net/img/char/99.png\">MotiveCo19", "kills": 4, "deaths": 14, "games": 5, "scores": 25, "aid": "pb-IF4oURJYJw=="}, "pb-IF5cUWUbLA==": {"name_html": "<img style=\"width:24px;height:24px;\" src=\"https://legacy.ballistica.net/img/char/99.png\">AtomicSurg", "kills": 3, "deaths": 11, "games": 2, "scores": 20, "aid": "pb-IF5cUWUbLA=="}, "pb-IF5QUBccKw==": {"name_html": "<img style=\"width:24px;height:24px;\" src=\"https://legacy.ballistica.net/img/char/99.png\">Deepu11111", "kills": 0, "deaths": 0, "games": 1, "scores": 0, "aid": "pb-IF5QUBccKw=="}, "pb-IF43UGwM": {"name_html": "<img style=\"width:24px;height:24px;\" src=\"https://legacy.ballistica.net/img/char/99.png\">leoDrake", "kills": 5, "deaths": 2, "games": 1, "scores": 25, "aid": "pb-IF43UGwM"}, "pb-IF4xVxRfBA==": {"name_html": "<img style=\"width:24px;height:24px;\" src=\"https://legacy.ballistica.net/img/char/67.png\">Pu\u0489r\u0489e\u0489 \u0489W\u0489e\u0489e\u0489d", "kills": 44, "deaths": 25, "games": 9, "scores": 1025, "aid": "pb-IF4xVxRfBA=="}, "pb-IF4PUhEcUQ==": {"name_html": "<img style=\"width:24px;height:24px;\" src=\"https://legacy.ballistica.net/img/char/32.png\">\u13a5\uff91\u13a5", "kills": 82, "deaths": 216, "games": 97, "scores": 1530, "aid": "pb-IF4PUhEcUQ=="}, "pb-IF4UU2Y7Eg==": {"name_html": "<img style=\"width:24px;height:24px;\" src=\"https://legacy.ballistica.net/img/char/48.png\">Android61304556", "kills": 22, "deaths": 37, "games": 13, "scores": 425, "aid": "pb-IF4UU2Y7Eg=="}, "pb-IF41UFkcAw==": {"name_html": "<img style=\"width:24px;height:24px;\" src=\"https://legacy.ballistica.net/img/char/48.png\">Android67115473", "kills": 3, "deaths": 2, "games": 2, "scores": 25, "aid": "pb-IF41UFkcAw=="}, "pb-IF43URcnPA==": {"name_html": "<img style=\"width:24px;height:24px;\" src=\"https://legacy.ballistica.net/img/char/99.png\">LesserAuto", "kills": 4, "deaths": 12, "games": 3, "scores": 25, "aid": "pb-IF43URcnPA=="}, "pb-IF4TUG0TPw==": {"name_html": "<img style=\"width:24px;height:24px;\" src=\"https://legacy.ballistica.net/img/char/99.png\">GrownSquad", "kills": 2, "deaths": 2, "games": 1, "scores": 15, "aid": "pb-IF4TUG0TPw=="}, "pb-IF4pV1BSIQ==": {"name_html": "<img style=\"width:24px;height:24px;\" src=\"https://legacy.ballistica.net/img/char/30.png\">Krsna", "kills": 42, "deaths": 71, "games": 12, "scores": 875, "aid": "pb-IF4pV1BSIQ=="}, "pb-IF4pVBcKKg==": {"name_html": "<img style=\"width:24px;height:24px;\" src=\"https://legacy.ballistica.net/img/char/99.png\">ExiaT2", "kills": 6, "deaths": 3, "games": 2, "scores": 235, "aid": "pb-IF4pVBcKKg=="}, "pb-IF4CURYfKA==": {"name_html": "<img style=\"width:24px;height:24px;\" src=\"https://legacy.ballistica.net/img/char/58.png\">haka", "kills": 0, "deaths": 3, "games": 1, "scores": 0, "aid": "pb-IF4CURYfKA=="}, "pb-IF4UUWcqLA==": {"name_html": "<img style=\"width:24px;height:24px;\" src=\"https://legacy.ballistica.net/img/char/48.png\">Android67657598", "kills": 0, "deaths": 7, "games": 1, "scores": 0, "aid": "pb-IF4UUWcqLA=="}, "pb-IF4XUxcnKA==": {"name_html": "<img style=\"width:24px;height:24px;\" src=\"https://legacy.ballistica.net/img/char/99.png\">NoName10360427", "kills": 19, "deaths": 20, "games": 5, "scores": 205, "aid": "pb-IF4XUxcnKA=="}, "pb-IF4BURIvAg==": {"name_html": "<img style=\"width:24px;height:24px;\" src=\"https://legacy.ballistica.net/img/char/48.png\">Android67276258", "kills": 2, "deaths": 13, "games": 2, "scores": 10, "aid": "pb-IF4BURIvAg=="}, "pb-IF49UREFLQ==": {"name_html": "<img style=\"width:24px;height:24px;\" src=\"https://legacy.ballistica.net/img/char/99.png\">spunkyidio", "kills": 0, "deaths": 1, "games": 2, "scores": 0, "aid": "pb-IF49UREFLQ=="}, "pb-IF5XUW0uUQ==": {"name_html": "<img style=\"width:24px;height:24px;\" src=\"https://legacy.ballistica.net/img/char/99.png\">StoutRotat", "kills": 0, "deaths": 2, "games": 1, "scores": 0, "aid": "pb-IF5XUW0uUQ=="}, "pb-IF43U1MEPQ==": {"name_html": "<img style=\"width:24px;height:24px;\" src=\"https://legacy.ballistica.net/img/char/99.png\">Priya9078", "kills": 1, "deaths": 3, "games": 2, "scores": 10, "aid": "pb-IF43U1MEPQ=="}, "pb-IF4DUE4mMA==": {"name_html": "<img style=\"width:24px;height:24px;\" src=\"https://legacy.ballistica.net/img/char/99.png\">ayushkum18", "kills": 5, "deaths": 3, "games": 2, "scores": 55, "aid": "pb-IF4DUE4mMA=="}, "pb-IF4PUFojUg==": {"name_html": "<img style=\"width:24px;height:24px;\" src=\"https://legacy.ballistica.net/img/char/99.png\">Android67118793", "kills": 0, "deaths": 0, "games": 1, "scores": 0, "aid": "pb-IF4PUFojUg=="}, "pb-IF41URRdBw==": {"name_html": "<img style=\"width:24px;height:24px;\" src=\"https://legacy.ballistica.net/img/char/99.png\">SleepyXyl2", "kills": 6, "deaths": 5, "games": 2, "scores": 90, "aid": "pb-IF41URRdBw=="}, "pb-IF4XVRU5FA==": {"name_html": "<img style=\"width:24px;height:24px;\" src=\"https://legacy.ballistica.net/img/char/99.png\">CrazedOver", "kills": 20, "deaths": 34, "games": 7, "scores": 515, "aid": "pb-IF4XVRU5FA=="}, "pb-IF48URMANQ==": {"name_html": "<img style=\"width:24px;height:24px;\" src=\"https://legacy.ballistica.net/img/char/48.png\">Android67298386", "kills": 41, "deaths": 66, "games": 18, "scores": 555, "aid": "pb-IF48URMANQ=="}, "pb-IF4nUE48VQ==": {"name_html": "<img style=\"width:24px;height:24px;\" src=\"https://legacy.ballistica.net/img/char/48.png\">Android66561808", "kills": 6, "deaths": 13, "games": 4, "scores": 60, "aid": "pb-IF4nUE48VQ=="}, "pb-IF4qUHFcNQ==": {"name_html": "<img style=\"width:24px;height:24px;\" src=\"https://legacy.ballistica.net/img/char/99.png\">GreenAcqua", "kills": 3, "deaths": 5, "games": 1, "scores": 20, "aid": "pb-IF4qUHFcNQ=="}, "pb-IF4sV1YOVA==": {"name_html": "<img style=\"width:24px;height:24px;\" src=\"https://legacy.ballistica.net/img/char/30.png\">De\u0365ep\u0363r\u036baj", "kills": 27, "deaths": 25, "games": 11, "scores": 1115, "aid": "pb-IF4sV1YOVA=="}, "pb-IF4zU0ogHA==": {"name_html": "<img style=\"width:24px;height:24px;\" src=\"https://legacy.ballistica.net/img/char/99.png\">RainbowSub", "kills": 15, "deaths": 16, "games": 7, "scores": 270, "aid": "pb-IF4zU0ogHA=="}, "pb-IF4SVVAdVA==": {"name_html": "<img style=\"width:24px;height:24px;\" src=\"https://legacy.ballistica.net/img/char/99.png\">Certifi249", "kills": 29, "deaths": 43, "games": 10, "scores": 670, "aid": "pb-IF4SVVAdVA=="}, "pb-IF4xUHkFUg==": {"name_html": "<img style=\"width:24px;height:24px;\" src=\"https://legacy.ballistica.net/img/char/99.png\">Revolvi560", "kills": 16, "deaths": 18, "games": 2, "scores": 170, "aid": "pb-IF4xUHkFUg=="}, "pb-IF4QUWpbKQ==": {"name_html": "<img style=\"width:24px;height:24px;\" src=\"https://legacy.ballistica.net/img/char/99.png\">jxyaaa", "kills": 0, "deaths": 3, "games": 1, "scores": 0, "aid": "pb-IF4QUWpbKQ=="}, "pb-IF4IURVeJA==": {"name_html": "<img style=\"width:24px;height:24px;\" src=\"https://legacy.ballistica.net/img/char/48.png\">Android67384080", "kills": 0, "deaths": 5, "games": 1, "scores": 100, "aid": "pb-IF4IURVeJA=="}, "pb-IF4sUWUqFg==": {"name_html": "<img style=\"width:24px;height:24px;\" src=\"https://legacy.ballistica.net/img/char/99.png\">Detesta951", "kills": 13, "deaths": 15, "games": 2, "scores": 100, "aid": "pb-IF4sUWUqFg=="}, "pb-IF4nUWU-UA==": {"name_html": "<img style=\"width:24px;height:24px;\" src=\"https://legacy.ballistica.net/img/char/48.png\">Android67615109", "kills": 1, "deaths": 1, "games": 2, "scores": 10, "aid": "pb-IF4nUWU-UA=="}, "pb-IF4CUFkSNA==": {"name_html": "<img style=\"width:24px;height:24px;\" src=\"https://legacy.ballistica.net/img/char/48.png\">Android67092129", "kills": 10, "deaths": 23, "games": 6, "scores": 145, "aid": "pb-IF4CUFkSNA=="}, "pb-IF4PUhUoIA==": {"name_html": "<img style=\"width:24px;height:24px;\" src=\"https://legacy.ballistica.net/img/char/72.png\">OsamaBinLaden", "kills": 4, "deaths": 6, "games": 2, "scores": 50, "aid": "pb-IF4PUhUoIA=="}, "pb-IF41UHA_EQ==": {"name_html": "<img style=\"width:24px;height:24px;\" src=\"https://legacy.ballistica.net/img/char/99.png\">StellarAnn", "kills": 23, "deaths": 64, "games": 9, "scores": 295, "aid": "pb-IF41UHA_EQ=="}, "pb-IF5UVBEKEw==": {"name_html": "<img style=\"width:24px;height:24px;\" src=\"https://legacy.ballistica.net/img/char/99.png\">jorgemenMa", "kills": 0, "deaths": 0, "games": 1, "scores": 1000, "aid": "pb-IF5UVBEKEw=="}, "pb-IF4QUHIxMg==": {"name_html": "<img style=\"width:24px;height:24px;\" src=\"https://legacy.ballistica.net/img/char/77.png\">Anas_khan", "kills": 1, "deaths": 4, "games": 2, "scores": 10, "aid": "pb-IF4QUHIxMg=="}, "pb-IF4WUWclCw==": {"name_html": "<img style=\"width:24px;height:24px;\" src=\"https://legacy.ballistica.net/img/char/99.png\">Legitim958", "kills": 3, "deaths": 8, "games": 4, "scores": 20, "aid": "pb-IF4WUWclCw=="}, "pb-IF4iXllc": {"name_html": "<img style=\"width:24px;height:24px;\" src=\"https://legacy.ballistica.net/img/char/99.png\">LunarGangs", "kills": 13, "deaths": 11, "games": 4, "scores": 605, "aid": "pb-IF4iXllc"}, "pb-IF5SUG4zXQ==": {"name_html": "<img style=\"width:24px;height:24px;\" src=\"https://legacy.ballistica.net/img/char/99.png\">hii999", "kills": 41, "deaths": 46, "games": 11, "scores": 665, "aid": "pb-IF5SUG4zXQ=="}, "pb-IF5QUxBTVw==": {"name_html": "<img style=\"width:24px;height:24px;\" src=\"https://legacy.ballistica.net/img/char/68.png\">\ud835\udd7f\ud835\udd8a\ud835\udd97\ud835\udd97\ud835\udd8e\ud835\udd8a\ud835\udd97\u1be4", "kills": 10, "deaths": 28, "games": 5, "scores": 60, "aid": "pb-IF5QUxBTVw=="}, "pb-IF5RU1YfHw==": {"name_html": "<img style=\"width:24px;height:24px;\" src=\"https://legacy.ballistica.net/img/char/99.png\">GalaxyBlas", "kills": 44, "deaths": 67, "games": 15, "scores": 1315, "aid": "pb-IF5RU1YfHw=="}, "pb-IF5UUWofDQ==": {"name_html": "<img style=\"width:24px;height:24px;\" src=\"https://legacy.ballistica.net/img/char/99.png\">Jithu007", "kills": 9, "deaths": 22, "games": 7, "scores": 80, "aid": "pb-IF5UUWofDQ=="}, "pb-IF4pUE4SAA==": {"name_html": "<img style=\"width:24px;height:24px;\" src=\"https://legacy.ballistica.net/img/char/99.png\">Puritan805", "kills": 8, "deaths": 11, "games": 4, "scores": 305, "aid": "pb-IF4pUE4SAA=="}, "pb-IF5cU3koVQ==": {"name_html": "<img style=\"width:24px;height:24px;\" src=\"https://legacy.ballistica.net/img/char/99.png\">mk12345", "kills": 1, "deaths": 1, "games": 1, "scores": 10, "aid": "pb-IF5cU3koVQ=="}, "pb-IF4RUHc9Iw==": {"name_html": "<img style=\"width:24px;height:24px;\" src=\"https://legacy.ballistica.net/img/char/30.png\">\ud83d\udcaa\ud83d\ude1b\u2620", "kills": 27, "deaths": 27, "games": 8, "scores": 260, "aid": "pb-IF4RUHc9Iw=="}, "pb-IF4jUWIlUg==": {"name_html": "<img style=\"width:24px;height:24px;\" src=\"https://legacy.ballistica.net/img/char/99.png\">HiddenCo13", "kills": 4, "deaths": 22, "games": 6, "scores": 20, "aid": "pb-IF4jUWIlUg=="}, "pb-IF4PUEsvVg==": {"name_html": "<img style=\"width:24px;height:24px;\" src=\"https://legacy.ballistica.net/img/char/72.png\">DracX", "kills": 8, "deaths": 22, "games": 6, "scores": 205, "aid": "pb-IF4PUEsvVg=="}, "pb-IF4AUWgmIg==": {"name_html": "<img style=\"width:24px;height:24px;\" src=\"https://legacy.ballistica.net/img/char/30.png\">Duy487", "kills": 0, "deaths": 0, "games": 1, "scores": 0, "aid": "pb-IF4AUWgmIg=="}, "pb-IF4sUloSXA==": {"name_html": "<img style=\"width:24px;height:24px;\" src=\"https://legacy.ballistica.net/img/char/99.png\">NecessaryK", "kills": 19, "deaths": 39, "games": 4, "scores": 240, "aid": "pb-IF4sUloSXA=="}, "pb-IF4gUklTAA==": {"name_html": "<img style=\"width:24px;height:24px;\" src=\"https://legacy.ballistica.net/img/char/99.png\">AryaSamyak", "kills": 23, "deaths": 40, "games": 9, "scores": 1435, "aid": "pb-IF4gUklTAA=="}, "pb-IF4eUWoiBA==": {"name_html": "<img style=\"width:24px;height:24px;\" src=\"https://legacy.ballistica.net/img/char/99.png\">Judicio882", "kills": 37, "deaths": 108, "games": 15, "scores": 505, "aid": "pb-IF4eUWoiBA=="}, "pb-IF41UWpbCA==": {"name_html": "<img style=\"width:24px;height:24px;\" src=\"https://legacy.ballistica.net/img/char/99.png\">NoisyStal2", "kills": 14, "deaths": 29, "games": 4, "scores": 595, "aid": "pb-IF41UWpbCA=="}, "pb-IF4rUHUEKw==": {"name_html": "<img style=\"width:24px;height:24px;\" src=\"https://legacy.ballistica.net/img/char/99.png\">Unsettl465", "kills": 1, "deaths": 5, "games": 1, "scores": 5, "aid": "pb-IF4rUHUEKw=="}, "pb-IF4yUGcdVQ==": {"name_html": "<img style=\"width:24px;height:24px;\" src=\"https://legacy.ballistica.net/img/char/99.png\">Proudes177", "kills": 0, "deaths": 0, "games": 1, "scores": 50, "aid": "pb-IF4yUGcdVQ=="}, "pb-IF4VURIGJg==": {"name_html": "<img style=\"width:24px;height:24px;\" src=\"https://legacy.ballistica.net/img/char/99.png\">Satiric911", "kills": 2, "deaths": 1, "games": 1, "scores": 60, "aid": "pb-IF4VURIGJg=="}, "pb-IF40UWgKEQ==": {"name_html": "<img style=\"width:24px;height:24px;\" src=\"https://legacy.ballistica.net/img/char/99.png\">Anais", "kills": 0, "deaths": 1, "games": 1, "scores": 0, "aid": "pb-IF40UWgKEQ=="}, "pb-IF4OUkkuVg==": {"name_html": "<img style=\"width:24px;height:24px;\" src=\"https://legacy.ballistica.net/img/char/30.png\">MR|JASWANTH", "kills": 0, "deaths": 1, "games": 2, "scores": 50, "aid": "pb-IF4OUkkuVg=="}, "pb-IF4AUGVYAA==": {"name_html": "<img style=\"width:24px;height:24px;\" src=\"https://legacy.ballistica.net/img/char/99.png\">IDHfriends", "kills": 30, "deaths": 35, "games": 11, "scores": 620, "aid": "pb-IF4AUGVYAA=="}, "pb-IF4jUEgRNQ==": {"name_html": "<img style=\"width:24px;height:24px;\" src=\"https://legacy.ballistica.net/img/char/99.png\">DonDoops", "kills": 35, "deaths": 15, "games": 6, "scores": 285, "aid": "pb-IF4jUEgRNQ=="}, "pb-IF4zUWUNEg==": {"name_html": "<img style=\"width:24px;height:24px;\" src=\"https://legacy.ballistica.net/img/char/99.png\">STRESSF927", "kills": 7, "deaths": 16, "games": 2, "scores": 95, "aid": "pb-IF4zUWUNEg=="}, "pb-IF4JUnIPNA==": {"name_html": "<img style=\"width:24px;height:24px;\" src=\"https://legacy.ballistica.net/img/char/71.png\">Durai singam \ud83e\udd81", "kills": 3, "deaths": 10, "games": 3, "scores": 20, "aid": "pb-IF4JUnIPNA=="}, "pb-IF5SUHhfJA==": {"name_html": "<img style=\"width:24px;height:24px;\" src=\"https://legacy.ballistica.net/img/char/99.png\">Nkhensanik", "kills": 16, "deaths": 32, "games": 4, "scores": 170, "aid": "pb-IF5SUHhfJA=="}, "pb-IF43UWEhFg==": {"name_html": "<img style=\"width:24px;height:24px;\" src=\"https://legacy.ballistica.net/img/char/99.png\">Arrogan336", "kills": 2, "deaths": 2, "games": 1, "scores": 15, "aid": "pb-IF43UWEhFg=="}, "pb-IF4KU1UBVw==": {"name_html": "<img style=\"width:24px;height:24px;\" src=\"https://legacy.ballistica.net/img/char/99.png\">WoodenRock", "kills": 7, "deaths": 7, "games": 2, "scores": 45, "aid": "pb-IF4KU1UBVw=="}, "pb-IF4hUWMGEw==": {"name_html": "<img style=\"width:24px;height:24px;\" src=\"https://legacy.ballistica.net/img/char/99.png\">Workable45", "kills": 6, "deaths": 9, "games": 6, "scores": 70, "aid": "pb-IF4hUWMGEw=="}, "pb-IF4HUBARLQ==": {"name_html": "<img style=\"width:24px;height:24px;\" src=\"https://legacy.ballistica.net/img/char/99.png\">UpcomingFr", "kills": 0, "deaths": 1, "games": 1, "scores": 100, "aid": "pb-IF4HUBARLQ=="}, "pb-IF42UEU6Bg==": {"name_html": "<img style=\"width:24px;height:24px;\" src=\"https://legacy.ballistica.net/img/char/48.png\">Android66220595", "kills": 1, "deaths": 1, "games": 2, "scores": 110, "aid": "pb-IF42UEU6Bg=="}, "pb-IF4QUGsGLQ==": {"name_html": "<img style=\"width:24px;height:24px;\" src=\"https://legacy.ballistica.net/img/char/99.png\">ParPressur", "kills": 4, "deaths": 8, "games": 2, "scores": 25, "aid": "pb-IF4QUGsGLQ=="}, "pb-IF4dUGUHCw==": {"name_html": "<img style=\"width:24px;height:24px;\" src=\"https://legacy.ballistica.net/img/char/99.png\">Undeser563", "kills": 15, "deaths": 14, "games": 6, "scores": 205, "aid": "pb-IF4dUGUHCw=="}, "pb-IF4HUWcNIg==": {"name_html": "<img style=\"width:24px;height:24px;\" src=\"https://legacy.ballistica.net/img/char/48.png\">Android67664116", "kills": 3, "deaths": 7, "games": 2, "scores": 220, "aid": "pb-IF4HUWcNIg=="}, "pb-IF5TVWkENg==": {"name_html": "<img style=\"width:24px;height:24px;\" src=\"https://legacy.ballistica.net/img/char/99.png\">FlabbyStr4", "kills": 6, "deaths": 13, "games": 3, "scores": 45, "aid": "pb-IF5TVWkENg=="}, "pb-IF4DUFobKQ==": {"name_html": "<img style=\"width:24px;height:24px;\" src=\"https://legacy.ballistica.net/img/char/48.png\">Android67143031", "kills": 18, "deaths": 21, "games": 7, "scores": 175, "aid": "pb-IF4DUFobKQ=="}, "pb-IF4DUWUnPA==": {"name_html": "<img style=\"width:24px;height:24px;\" src=\"https://legacy.ballistica.net/img/char/99.png\">Marzipan31", "kills": 8, "deaths": 7, "games": 1, "scores": 90, "aid": "pb-IF4DUWUnPA=="}, "pb-IF4sDVYb": {"name_html": "<img style=\"width:24px;height:24px;\" src=\"https://legacy.ballistica.net/img/char/99.png\">harishkhat", "kills": 16, "deaths": 14, "games": 9, "scores": 370, "aid": "pb-IF4sDVYb"}, "pb-IF4MUGRfDQ==": {"name_html": "<img style=\"width:24px;height:24px;\" src=\"https://legacy.ballistica.net/img/char/99.png\">FoundingTi", "kills": 27, "deaths": 28, "games": 7, "scores": 280, "aid": "pb-IF4MUGRfDQ=="}, "pb-IF4oUHktEA==": {"name_html": "<img style=\"width:24px;height:24px;\" src=\"https://legacy.ballistica.net/img/char/48.png\">Android65937042", "kills": 0, "deaths": 1, "games": 1, "scores": 0, "aid": "pb-IF4oUHktEA=="}, "pb-IF4QCGc=": {"name_html": "<img style=\"width:24px;height:24px;\" src=\"https://legacy.ballistica.net/img/char/99.png\">BouncyAcc3", "kills": 30, "deaths": 38, "games": 6, "scores": 630, "aid": "pb-IF4QCGc="}, "pb-IF4NUWZcPQ==": {"name_html": "<img style=\"width:24px;height:24px;\" src=\"https://legacy.ballistica.net/img/char/99.png\">Empiric969", "kills": 6, "deaths": 18, "games": 6, "scores": 45, "aid": "pb-IF4NUWZcPQ=="}, "pb-IF4dU0UuHw==": {"name_html": "<img style=\"width:24px;height:24px;\" src=\"https://legacy.ballistica.net/img/char/99.png\">Idealis980", "kills": 2, "deaths": 2, "games": 2, "scores": 20, "aid": "pb-IF4dU0UuHw=="}, "pb-IF4DVHUSHw==": {"name_html": "<img style=\"width:24px;height:24px;\" src=\"https://legacy.ballistica.net/img/char/99.png\">MrSngm", "kills": 17, "deaths": 17, "games": 5, "scores": 265, "aid": "pb-IF4DVHUSHw=="}, "pb-IF4vUHAaUw==": {"name_html": "<img style=\"width:24px;height:24px;\" src=\"https://legacy.ballistica.net/img/char/48.png\">Android65480883", "kills": 18, "deaths": 45, "games": 5, "scores": 465, "aid": "pb-IF4vUHAaUw=="}, "pb-IF4mUWkkXA==": {"name_html": "<img style=\"width:24px;height:24px;\" src=\"https://legacy.ballistica.net/img/char/99.png\">krishna987", "kills": 2, "deaths": 2, "games": 1, "scores": 10, "aid": "pb-IF4mUWkkXA=="}, "pb-IF43MlIj": {"name_html": "<img style=\"width:24px;height:24px;\" src=\"https://legacy.ballistica.net/img/char/99.png\">JestfulTor", "kills": 33, "deaths": 42, "games": 9, "scores": 490, "aid": "pb-IF43MlIj"}, "pb-IF42UWgHMg==": {"name_html": "<img style=\"width:24px;height:24px;\" src=\"https://legacy.ballistica.net/img/char/99.png\">IckySergea", "kills": 7, "deaths": 18, "games": 4, "scores": 120, "aid": "pb-IF42UWgHMg=="}, "pb-IF4MPxAk": {"name_html": "<img style=\"width:24px;height:24px;\" src=\"https://legacy.ballistica.net/img/char/99.png\">OPFORMULLX", "kills": 11, "deaths": 13, "games": 7, "scores": 120, "aid": "pb-IF4MPxAk"}, "pb-JiNJARFYVUVAXVxEFE9XVVRLFkFfT1RG": {"name_html": "<img style=\"width:24px;height:24px;\" src=\"https://legacy.ballistica.net/img/char/68.png\">Kakarot.", "kills": 7, "deaths": 15, "games": 1, "scores": 335, "aid": "pb-JiNJARFYVUVAXVxEFE9XVVRLFkFfT1RG"}, "pb-IF4IUWctBw==": {"name_html": "<img style=\"width:24px;height:24px;\" src=\"https://legacy.ballistica.net/img/char/99.png\">ReyjisReyh", "kills": 29, "deaths": 22, "games": 10, "scores": 815, "aid": "pb-IF4IUWctBw=="}, "pb-IF4iVWFfKQ==": {"name_html": "<img style=\"width:24px;height:24px;\" src=\"https://legacy.ballistica.net/img/char/99.png\">saumyak230", "kills": 4, "deaths": 25, "games": 8, "scores": 25, "aid": "pb-IF4iVWFfKQ=="}, "pb-IF4uUGkeVg==": {"name_html": "<img style=\"width:24px;height:24px;\" src=\"https://legacy.ballistica.net/img/char/99.png\">goldfishbe", "kills": 27, "deaths": 49, "games": 11, "scores": 160, "aid": "pb-IF4uUGkeVg=="}, "pb-IF4sUlQcKg==": {"name_html": "<img style=\"width:24px;height:24px;\" src=\"https://legacy.ballistica.net/img/char/99.png\">Municip929", "kills": 6, "deaths": 15, "games": 6, "scores": 230, "aid": "pb-IF4sUlQcKg=="}, "pb-IF4wUWkPIg==": {"name_html": "<img style=\"width:24px;height:24px;\" src=\"https://legacy.ballistica.net/img/char/99.png\">Darkgaming", "kills": 9, "deaths": 6, "games": 2, "scores": 155, "aid": "pb-IF4wUWkPIg=="}, "pb-IF4RUGgtEg==": {"name_html": "<img style=\"width:24px;height:24px;\" src=\"https://legacy.ballistica.net/img/char/99.png\">NoNameC3696427", "kills": 2, "deaths": 4, "games": 4, "scores": 170, "aid": "pb-IF4RUGgtEg=="}, "pb-IF4sUWUhUQ==": {"name_html": "<img style=\"width:24px;height:24px;\" src=\"https://legacy.ballistica.net/img/char/99.png\">HostileF26", "kills": 26, "deaths": 45, "games": 15, "scores": 720, "aid": "pb-IF4sUWUhUQ=="}, "pb-IF4sUFpTAA==": {"name_html": "<img style=\"width:24px;height:24px;\" src=\"https://legacy.ballistica.net/img/char/48.png\">Android67150892", "kills": 0, "deaths": 0, "games": 1, "scores": 0, "aid": "pb-IF4sUFpTAA=="}, "pb-JiNJARBYXUpJXVdFGUJWXFJBEERcQFJD": {"name_html": "<img style=\"width:24px;height:24px;\" src=\"https://legacy.ballistica.net/img/char/30.png\">Agent Sleek", "kills": 14, "deaths": 30, "games": 4, "scores": 125, "aid": "pb-JiNJARBYXUpJXVdFGUJWXFJBEERcQFJD"}, "pb-IF4yMWxT": {"name_html": "<img style=\"width:24px;height:24px;\" src=\"https://legacy.ballistica.net/img/char/72.png\">\u0f12M\u0337O\u0337N\u0337S\u0337T\u0337E\u0337R\u0f12", "kills": 14, "deaths": 20, "games": 8, "scores": 795, "aid": "pb-IF4yMWxT"}, "pb-IF4CUGkuMA==": {"name_html": "<img style=\"width:24px;height:24px;\" src=\"https://legacy.ballistica.net/img/char/99.png\">StaleCatch", "kills": 3, "deaths": 3, "games": 2, "scores": 120, "aid": "pb-IF4CUGkuMA=="}, "pb-IF5UUlgIVA==": {"name_html": "<img style=\"width:24px;height:24px;\" src=\"https://legacy.ballistica.net/img/char/58.png\">LUCIFER MORNING\u2b50", "kills": 41, "deaths": 70, "games": 15, "scores": 1700, "aid": "pb-IF5UUlgIVA=="}, "pb-JiNJARFYXERGXFtDGEJUUFJBE0JZQ1NL": {"name_html": "<img style=\"width:24px;height:24px;\" src=\"https://legacy.ballistica.net/img/char/99.png\">ShobanMaX8", "kills": 10, "deaths": 14, "games": 2, "scores": 90, "aid": "pb-JiNJARFYXERGXFtDGEJUUFJBE0JZQ1NL"}, "pb-JiNJARBeUUdCWlhEFEdXV1dBFENeT1lH": {"name_html": "<img style=\"width:24px;height:24px;\" src=\"https://legacy.ballistica.net/img/char/99.png\">yuvrajsi32", "kills": 6, "deaths": 4, "games": 2, "scores": 105, "aid": "pb-JiNJARBeUUdCWlhEFEdXV1dBFENeT1lH"}, "pb-IF4TURAMVQ==": {"name_html": "<img style=\"width:24px;height:24px;\" src=\"https://legacy.ballistica.net/img/char/99.png\">Kunlyaa06", "kills": 16, "deaths": 25, "games": 6, "scores": 510, "aid": "pb-IF4TURAMVQ=="}, "pb-IF4yVVA8Bg==": {"name_html": "<img style=\"width:24px;height:24px;\" src=\"https://legacy.ballistica.net/img/char/99.png\">thebaddest", "kills": 4, "deaths": 5, "games": 5, "scores": 30, "aid": "pb-IF4yVVA8Bg=="}, "pb-IF4nU1A_Ag==": {"name_html": "<img style=\"width:24px;height:24px;\" src=\"https://legacy.ballistica.net/img/char/99.png\">YtSoni", "kills": 3, "deaths": 2, "games": 1, "scores": 20, "aid": "pb-IF4nU1A_Ag=="}, "pb-IF4IVXINHQ==": {"name_html": "<img style=\"width:24px;height:24px;\" src=\"https://legacy.ballistica.net/img/char/99.png\">NoName9739468", "kills": 2, "deaths": 0, "games": 1, "scores": 15, "aid": "pb-IF4IVXINHQ=="}, "pb-IF4IVUVTLA==": {"name_html": "<img style=\"width:24px;height:24px;\" src=\"https://legacy.ballistica.net/img/char/99.png\">DazedBers3", "kills": 9, "deaths": 21, "games": 4, "scores": 60, "aid": "pb-IF4IVUVTLA=="}, "pb-IF40UEYTLA==": {"name_html": "<img style=\"width:24px;height:24px;\" src=\"https://legacy.ballistica.net/img/char/99.png\">DeepWoodla", "kills": 48, "deaths": 65, "games": 12, "scores": 830, "aid": "pb-IF40UEYTLA=="}, "pb-IF5QAkca": {"name_html": "<img style=\"width:24px;height:24px;\" src=\"https://legacy.ballistica.net/img/char/99.png\">Rockerzzzz", "kills": 24, "deaths": 21, "games": 4, "scores": 930, "aid": "pb-IF5QAkca"}, "pb-IF4SUWY_Cw==": {"name_html": "<img style=\"width:24px;height:24px;\" src=\"https://legacy.ballistica.net/img/char/99.png\">Deduct1771", "kills": 80, "deaths": 212, "games": 57, "scores": 1870, "aid": "pb-IF4SUWY_Cw=="}, "pb-IF4sUBkKNQ==": {"name_html": "<img style=\"width:24px;height:24px;\" src=\"https://legacy.ballistica.net/img/char/48.png\">Android64871693", "kills": 11, "deaths": 5, "games": 3, "scores": 1165, "aid": "pb-IF4sUBkKNQ=="}, "pb-IF4WURkvHA==": {"name_html": "<img style=\"width:24px;height:24px;\" src=\"https://legacy.ballistica.net/img/char/99.png\">Masterss20", "kills": 5, "deaths": 4, "games": 1, "scores": 40, "aid": "pb-IF4WURkvHA=="}, "pb-IF41VEhZEw==": {"name_html": "<img style=\"width:24px;height:24px;\" src=\"https://legacy.ballistica.net/img/char/99.png\">GreyCadet2", "kills": 76, "deaths": 71, "games": 22, "scores": 2695, "aid": "pb-IF41VEhZEw=="}, "pb-JiNJARFYU0ZCWFZJEURVXF1GFEFeT1ZA": {"name_html": "<img style=\"width:24px;height:24px;\" src=\"https://legacy.ballistica.net/img/char/67.png\">ZeniDroid", "kills": 5, "deaths": 6, "games": 1, "scores": 40, "aid": "pb-JiNJARFYU0ZCWFZJEURVXF1GFEFeT1ZA"}, "pb-IF4SVRkaHQ==": {"name_html": "<img style=\"width:24px;height:24px;\" src=\"https://legacy.ballistica.net/img/char/99.png\">IMPERIALX9", "kills": 3, "deaths": 12, "games": 3, "scores": 25, "aid": "pb-IF4SVRkaHQ=="}, "pb-IF5cUFIJUA==": {"name_html": "<img style=\"width:24px;height:24px;\" src=\"https://legacy.ballistica.net/img/char/99.png\">GrownSuppl", "kills": 11, "deaths": 7, "games": 1, "scores": 180, "aid": "pb-IF5cUFIJUA=="}, "pb-IF4hUWkiVA==": {"name_html": "<img style=\"width:24px;height:24px;\" src=\"https://legacy.ballistica.net/img/char/99.png\">Infin8kill", "kills": 9, "deaths": 2, "games": 2, "scores": 185, "aid": "pb-IF4hUWkiVA=="}, "pb-IF4AUFYhVA==": {"name_html": "<img style=\"width:24px;height:24px;\" src=\"https://legacy.ballistica.net/img/char/99.png\">StarTulip6", "kills": 1, "deaths": 4, "games": 2, "scores": 5, "aid": "pb-IF4AUFYhVA=="}, "pb-IF4KUHoeIQ==": {"name_html": "<img style=\"width:24px;height:24px;\" src=\"https://legacy.ballistica.net/img/char/48.png\">PC981655", "kills": 3, "deaths": 11, "games": 3, "scores": 25, "aid": "pb-IF4KUHoeIQ=="}, "pb-IF48UWg4JA==": {"name_html": "<img style=\"width:24px;height:24px;\" src=\"https://legacy.ballistica.net/img/char/48.png\">Android67673126", "kills": 0, "deaths": 5, "games": 1, "scores": 0, "aid": "pb-IF48UWg4JA=="}, "pb-IF4FVHgiEg==": {"name_html": "<img style=\"width:24px;height:24px;\" src=\"https://legacy.ballistica.net/img/char/99.png\">Impenet474", "kills": 28, "deaths": 18, "games": 7, "scores": 365, "aid": "pb-IF4FVHgiEg=="}, "pb-IF4NUBYHBA==": {"name_html": "<img style=\"width:24px;height:24px;\" src=\"https://legacy.ballistica.net/img/char/99.png\">SlimyCrit2", "kills": 1, "deaths": 8, "games": 3, "scores": 5, "aid": "pb-IF4NUBYHBA=="}, "pb-IF4qUWIKNg==": {"name_html": "<img style=\"width:24px;height:24px;\" src=\"https://legacy.ballistica.net/img/char/99.png\">deviShallo", "kills": 0, "deaths": 6, "games": 1, "scores": 0, "aid": "pb-IF4qUWIKNg=="}, "pb-IF5UU0kKNg==": {"name_html": "<img style=\"width:24px;height:24px;\" src=\"https://legacy.ballistica.net/img/char/99.png\">ShabbyAnar", "kills": 13, "deaths": 13, "games": 2, "scores": 230, "aid": "pb-IF5UU0kKNg=="}, "pb-IF4VU3gsKw==": {"name_html": "<img style=\"width:24px;height:24px;\" src=\"https://legacy.ballistica.net/img/char/99.png\">ToughRatt2", "kills": 12, "deaths": 13, "games": 3, "scores": 90, "aid": "pb-IF4VU3gsKw=="}, "pb-IF4tUkkJKw==": {"name_html": "<img style=\"width:24px;height:24px;\" src=\"https://legacy.ballistica.net/img/char/99.png\">DANCERBOY", "kills": 3, "deaths": 2, "games": 1, "scores": 20, "aid": "pb-IF4tUkkJKw=="}, "pb-IF4LUmo7XQ==": {"name_html": "<img style=\"width:24px;height:24px;\" src=\"https://legacy.ballistica.net/img/char/99.png\">AbysmalSa4", "kills": 0, "deaths": 4, "games": 2, "scores": 0, "aid": "pb-IF4LUmo7XQ=="}, "pb-IF4UFGw9": {"name_html": "<img style=\"width:24px;height:24px;\" src=\"https://legacy.ballistica.net/img/char/67.png\">dmramoliya", "kills": 18, "deaths": 16, "games": 5, "scores": 315, "aid": "pb-IF4UFGw9"}, "pb-IF4IUWksMg==": {"name_html": "<img style=\"width:24px;height:24px;\" src=\"https://legacy.ballistica.net/img/char/48.png\">Android67107042", "kills": 13, "deaths": 23, "games": 4, "scores": 85, "aid": "pb-IF4IUWksMg=="}, "pb-IF42UFkyUA==": {"name_html": "<img style=\"width:24px;height:24px;\" src=\"https://legacy.ballistica.net/img/char/30.png\">ENIGMATICFIRE", "kills": 32, "deaths": 53, "games": 25, "scores": 1070, "aid": "pb-IF42UFkyUA=="}, "pb-JiNJARBYXUREXFxBGEJRVFJGEkBaTldC": {"name_html": "<img style=\"width:24px;height:24px;\" src=\"https://legacy.ballistica.net/img/char/99.png\">mohandhan2", "kills": 6, "deaths": 15, "games": 5, "scores": 85, "aid": "pb-JiNJARBYXUREXFxBGEJRVFJGEkBaTldC"}, "pb-JiNJARBcXEBEWl1HFE9UVlJCGUleRFRG": {"name_html": "<img style=\"width:24px;height:24px;\" src=\"https://legacy.ballistica.net/img/char/99.png\">EerieHamm6", "kills": 7, "deaths": 10, "games": 2, "scores": 175, "aid": "pb-JiNJARBcXEBEWl1HFE9UVlJCGUleRFRG"}, "pb-IF5SVBEHCw==": {"name_html": "<img style=\"width:24px;height:24px;\" src=\"https://legacy.ballistica.net/img/char/67.png\">&quot;Yujiro Hanma", "kills": 0, "deaths": 0, "games": 1, "scores": 0, "aid": "pb-IF5SVBEHCw=="}, "pb-IF4mU3gZEA==": {"name_html": "<img style=\"width:24px;height:24px;\" src=\"https://legacy.ballistica.net/img/char/99.png\">Salarie519", "kills": 0, "deaths": 2, "games": 1, "scores": 0, "aid": "pb-IF4mU3gZEA=="}, "pb-IF4yURgfNw==": {"name_html": "<img style=\"width:24px;height:24px;\" src=\"https://legacy.ballistica.net/img/char/74.png\">AMMU\ud83d\ude18\ud83d\ude1c\ud83d\ude48\ud83d\ude49\ud83d\ude4a", "kills": 1, "deaths": 20, "games": 3, "scores": 605, "aid": "pb-IF4yURgfNw=="}, "pb-IF4NUEkjFA==": {"name_html": "<img style=\"width:24px;height:24px;\" src=\"https://legacy.ballistica.net/img/char/30.png\">MAS.fq", "kills": 3, "deaths": 5, "games": 1, "scores": 15, "aid": "pb-IF4NUEkjFA=="}, "pb-IF4sUWkDEg==": {"name_html": "<img style=\"width:24px;height:24px;\" src=\"https://legacy.ballistica.net/img/char/99.png\">CuttingAli", "kills": 0, "deaths": 2, "games": 2, "scores": 0, "aid": "pb-IF4sUWkDEg=="}, "pb-IF4UUhAf": {"name_html": "<img style=\"width:24px;height:24px;\" src=\"https://legacy.ballistica.net/img/char/99.png\">Rocky45", "kills": 5, "deaths": 4, "games": 2, "scores": 25, "aid": "pb-IF4UUhAf"}, "pb-IF4iVFBbDA==": {"name_html": "<img style=\"width:24px;height:24px;\" src=\"https://legacy.ballistica.net/img/char/99.png\">djankit857", "kills": 22, "deaths": 19, "games": 7, "scores": 1095, "aid": "pb-IF4iVFBbDA=="}, "pb-IF4qUBkcNw==": {"name_html": "<img style=\"width:24px;height:24px;\" src=\"https://legacy.ballistica.net/img/char/99.png\">labbu3456", "kills": 2, "deaths": 5, "games": 2, "scores": 10, "aid": "pb-IF4qUBkcNw=="}, "pb-IF41U0oaEg==": {"name_html": "<img style=\"width:24px;height:24px;\" src=\"https://legacy.ballistica.net/img/char/99.png\">Romeobabu2", "kills": 1, "deaths": 0, "games": 1, "scores": 5, "aid": "pb-IF41U0oaEg=="}, "pb-IF4NUWk9Pw==": {"name_html": "<img style=\"width:24px;height:24px;\" src=\"https://legacy.ballistica.net/img/char/99.png\">Chisele968", "kills": 13, "deaths": 51, "games": 11, "scores": 95, "aid": "pb-IF4NUWk9Pw=="}, "pb-IF4QU0ksMQ==": {"name_html": "<img style=\"width:24px;height:24px;\" src=\"https://legacy.ballistica.net/img/char/99.png\">Burfi", "kills": 20, "deaths": 19, "games": 9, "scores": 700, "aid": "pb-IF4QU0ksMQ=="}, "pb-IF4hU3YgLA==": {"name_html": "<img style=\"width:24px;height:24px;\" src=\"https://legacy.ballistica.net/img/char/99.png\">Cheetah12a", "kills": 5, "deaths": 12, "games": 4, "scores": 45, "aid": "pb-IF4hU3YgLA=="}, "pb-IF4gAlUn": {"name_html": "<img style=\"width:24px;height:24px;\" src=\"https://legacy.ballistica.net/img/char/99.png\">Arbaz3037", "kills": 4, "deaths": 6, "games": 1, "scores": 80, "aid": "pb-IF4gAlUn"}, "pb-IF4-J2cH": {"name_html": "<img style=\"width:24px;height:24px;\" src=\"https://legacy.ballistica.net/img/char/75.png\">SHADOW\ud83e\udd77", "kills": 2, "deaths": 2, "games": 3, "scores": 265, "aid": "pb-IF4-J2cH"}, "pb-IF4WUEEeUA==": {"name_html": "<img style=\"width:24px;height:24px;\" src=\"https://legacy.ballistica.net/img/char/99.png\">Jord0rwot", "kills": 76, "deaths": 69, "games": 19, "scores": 1105, "aid": "pb-IF4WUEEeUA=="}, "pb-IF4gU2UFMA==": {"name_html": "<img style=\"width:24px;height:24px;\" src=\"https://legacy.ballistica.net/img/char/99.png\">DarkPropri", "kills": 13, "deaths": 11, "games": 4, "scores": 300, "aid": "pb-IF4gU2UFMA=="}, "pb-IF4tUWoxNQ==": {"name_html": "<img style=\"width:24px;height:24px;\" src=\"https://legacy.ballistica.net/img/char/99.png\">Access1012", "kills": 1, "deaths": 12, "games": 1, "scores": 105, "aid": "pb-IF4tUWoxNQ=="}, "pb-IF5XU3USKA==": {"name_html": "<img style=\"width:24px;height:24px;\" src=\"https://legacy.ballistica.net/img/char/77.png\">\u2723BRIGHTNESS\u2723", "kills": 7, "deaths": 2, "games": 1, "scores": 35, "aid": "pb-IF5XU3USKA=="}, "pb-IF4TVHkMLw==": {"name_html": "<img style=\"width:24px;height:24px;\" src=\"https://legacy.ballistica.net/img/char/99.png\">Quess", "kills": 19, "deaths": 25, "games": 4, "scores": 125, "aid": "pb-IF4TVHkMLw=="}, "pb-IF48URg-Kw==": {"name_html": "<img style=\"width:24px;height:24px;\" src=\"https://legacy.ballistica.net/img/char/48.png\">Android67478393", "kills": 0, "deaths": 1, "games": 1, "scores": 50, "aid": "pb-IF48URg-Kw=="}, "pb-IF40U2g_Fw==": {"name_html": "<img style=\"width:24px;height:24px;\" src=\"https://legacy.ballistica.net/img/char/99.png\">mfkgkfkf", "kills": 9, "deaths": 19, "games": 6, "scores": 255, "aid": "pb-IF40U2g_Fw=="}, "pb-IF4MUWYiIg==": {"name_html": "<img style=\"width:24px;height:24px;\" src=\"https://legacy.ballistica.net/img/char/72.png\">\u3010\u1d33\u1d52\u3011\u0f12\ud835\ude3f\ud835\ude56\ud835\ude67\ud835\ude60\ud80c\udc1b", "kills": 29, "deaths": 57, "games": 11, "scores": 470, "aid": "pb-IF4MUWYiIg=="}, "pb-IF4gUWVTIA==": {"name_html": "<img style=\"width:24px;height:24px;\" src=\"https://legacy.ballistica.net/img/char/99.png\">PROCJ7", "kills": 0, "deaths": 0, "games": 1, "scores": 0, "aid": "pb-IF4gUWVTIA=="}, "pb-JiNJARFbUUVGXF1DEU9TXV1DGUVfRFBK": {"name_html": "<img style=\"width:24px;height:24px;\" src=\"https://legacy.ballistica.net/img/char/30.png\">Siren", "kills": 4, "deaths": 4, "games": 1, "scores": 20, "aid": "pb-JiNJARFbUUVGXF1DEU9TXV1DGUVfRFBK"}, "pb-IF4AUFQ9UA==": {"name_html": "<img style=\"width:24px;height:24px;\" src=\"https://legacy.ballistica.net/img/char/99.png\">NoName8451188", "kills": 20, "deaths": 45, "games": 8, "scores": 625, "aid": "pb-IF4AUFQ9UA=="}, "pb-IF5VUHQhUQ==": {"name_html": "<img style=\"width:24px;height:24px;\" src=\"https://legacy.ballistica.net/img/char/99.png\">Rhapsod940", "kills": 0, "deaths": 0, "games": 1, "scores": 0, "aid": "pb-IF5VUHQhUQ=="}, "pb-IF4RUWcJAw==": {"name_html": "<img style=\"width:24px;height:24px;\" src=\"https://legacy.ballistica.net/img/char/99.png\">blackmagic", "kills": 19, "deaths": 30, "games": 6, "scores": 280, "aid": "pb-IF4RUWcJAw=="}, "pb-IF4PUWdZAw==": {"name_html": "<img style=\"width:24px;height:24px;\" src=\"https://legacy.ballistica.net/img/char/48.png\">Android67652990", "kills": 15, "deaths": 46, "games": 10, "scores": 90, "aid": "pb-IF4PUWdZAw=="}, "pb-IF4GV2gaJA==": {"name_html": "<img style=\"width:24px;height:24px;\" src=\"https://legacy.ballistica.net/img/char/99.png\">Trampl1092", "kills": 0, "deaths": 0, "games": 1, "scores": 0, "aid": "pb-IF4GV2gaJA=="}, "pb-IF4mU2IvCg==": {"name_html": "<img style=\"width:24px;height:24px;\" src=\"https://legacy.ballistica.net/img/char/58.png\">Sanchit", "kills": 10, "deaths": 12, "games": 1, "scores": 160, "aid": "pb-IF4mU2IvCg=="}, "pb-IF4QURc-MA==": {"name_html": "<img style=\"width:24px;height:24px;\" src=\"https://legacy.ballistica.net/img/char/99.png\">AgreedFire", "kills": 0, "deaths": 0, "games": 1, "scores": 200, "aid": "pb-IF4QURc-MA=="}, "pb-IF5XUxgFUg==": {"name_html": "<img style=\"width:24px;height:24px;\" src=\"https://legacy.ballistica.net/img/char/32.png\">BoringRuffian44", "kills": 20, "deaths": 15, "games": 6, "scores": 225, "aid": "pb-IF5XUxgFUg=="}, "pb-IF4xUWleHA==": {"name_html": "<img style=\"width:24px;height:24px;\" src=\"https://legacy.ballistica.net/img/char/48.png\">Android67697014", "kills": 50, "deaths": 102, "games": 18, "scores": 1070, "aid": "pb-IF4xUWleHA=="}, "pb-IF4IU2oKLQ==": {"name_html": "<img style=\"width:24px;height:24px;\" src=\"https://legacy.ballistica.net/img/char/48.png\">Android61768433", "kills": 0, "deaths": 0, "games": 1, "scores": 0, "aid": "pb-IF4IU2oKLQ=="}, "pb-IF4nVUZbVQ==": {"name_html": "<img style=\"width:24px;height:24px;\" src=\"https://legacy.ballistica.net/img/char/71.png\">\u4e97\u1d05\u1d00\u0280\u1d0b\u3032\u13d2\u00d8\u13f0\u0142\u019d\u2e93", "kills": 92, "deaths": 80, "games": 25, "scores": 3050, "aid": "pb-IF4nVUZbVQ=="}, "pb-IF4qUkgzHw==": {"name_html": "<img style=\"width:24px;height:24px;\" src=\"https://legacy.ballistica.net/img/char/99.png\">VinitKhanv", "kills": 10, "deaths": 27, "games": 7, "scores": 560, "aid": "pb-IF4qUkgzHw=="}, "pb-IF4nV2MiCQ==": {"name_html": "<img style=\"width:24px;height:24px;\" src=\"https://legacy.ballistica.net/img/char/99.png\">yuvimmmm", "kills": 0, "deaths": 0, "games": 1, "scores": 50, "aid": "pb-IF4nV2MiCQ=="}, "pb-IF4FUmEGAw==": {"name_html": "<img style=\"width:24px;height:24px;\" src=\"https://legacy.ballistica.net/img/char/99.png\">NastyLibr2", "kills": 4, "deaths": 9, "games": 3, "scores": 70, "aid": "pb-IF4FUmEGAw=="}, "pb-IF49UFkYHA==": {"name_html": "<img style=\"width:24px;height:24px;\" src=\"https://legacy.ballistica.net/img/char/99.png\">Infernoguy", "kills": 52, "deaths": 24, "games": 18, "scores": 1060, "aid": "pb-IF49UFkYHA=="}, "pb-IF4IUGIeNg==": {"name_html": "<img style=\"width:24px;height:24px;\" src=\"https://legacy.ballistica.net/img/char/99.png\">HariPorcup", "kills": 53, "deaths": 43, "games": 16, "scores": 1200, "aid": "pb-IF4IUGIeNg=="}, "pb-IF4pUWo4VQ==": {"name_html": "<img style=\"width:24px;height:24px;\" src=\"https://legacy.ballistica.net/img/char/99.png\">Mystical11", "kills": 4, "deaths": 6, "games": 1, "scores": 25, "aid": "pb-IF4pUWo4VQ=="}, "pb-IF4iUxI8JA==": {"name_html": "<img style=\"width:24px;height:24px;\" src=\"https://legacy.ballistica.net/img/char/99.png\">Farihahaha", "kills": 4, "deaths": 2, "games": 2, "scores": 30, "aid": "pb-IF4iUxI8JA=="}, "pb-IF4GUxUZKg==": {"name_html": "<img style=\"width:24px;height:24px;\" src=\"https://legacy.ballistica.net/img/char/99.png\">DexTerOu26", "kills": 13, "deaths": 10, "games": 5, "scores": 100, "aid": "pb-IF4GUxUZKg=="}, "pb-IF4zURgmMQ==": {"name_html": "<img style=\"width:24px;height:24px;\" src=\"https://legacy.ballistica.net/img/char/99.png\">Finishe501", "kills": 0, "deaths": 3, "games": 2, "scores": 0, "aid": "pb-IF4zURgmMQ=="}, "pb-IF4pURcaIg==": {"name_html": "<img style=\"width:24px;height:24px;\" src=\"https://legacy.ballistica.net/img/char/99.png\">Palliat831", "kills": 11, "deaths": 20, "games": 3, "scores": 105, "aid": "pb-IF4pURcaIg=="}, "pb-IF40VRkBXQ==": {"name_html": "<img style=\"width:24px;height:24px;\" src=\"https://legacy.ballistica.net/img/char/99.png\">Adilsora1", "kills": 15, "deaths": 24, "games": 6, "scores": 170, "aid": "pb-IF40VRkBXQ=="}, "pb-IF5cUHkdHw==": {"name_html": "<img style=\"width:24px;height:24px;\" src=\"https://legacy.ballistica.net/img/char/99.png\">Venerab514", "kills": 2, "deaths": 6, "games": 3, "scores": 15, "aid": "pb-IF5cUHkdHw=="}, "pb-IF4pUxkdPA==": {"name_html": "<img style=\"width:24px;height:24px;\" src=\"https://legacy.ballistica.net/img/char/99.png\">Bleating66", "kills": 7, "deaths": 9, "games": 2, "scores": 1060, "aid": "pb-IF4pUxkdPA=="}, "pb-IF4JU1AHKQ==": {"name_html": "<img style=\"width:24px;height:24px;\" src=\"https://legacy.ballistica.net/img/char/30.png\">u will pay mf", "kills": 8, "deaths": 9, "games": 5, "scores": 45, "aid": "pb-IF4JU1AHKQ=="}, "pb-IF5dUHZfDQ==": {"name_html": "<img style=\"width:24px;height:24px;\" src=\"https://legacy.ballistica.net/img/char/99.png\">Inheren280", "kills": 0, "deaths": 1, "games": 1, "scores": 1000, "aid": "pb-IF5dUHZfDQ=="}, "pb-IF4AUHVbLw==": {"name_html": "<img style=\"width:24px;height:24px;\" src=\"https://legacy.ballistica.net/img/char/99.png\">N00bPixie4", "kills": 13, "deaths": 19, "games": 3, "scores": 90, "aid": "pb-IF4AUHVbLw=="}, "pb-JiNJARFZVEZAWl9JF0FYU11DGUlWQVBF": {"name_html": "<img style=\"width:24px;height:24px;\" src=\"https://legacy.ballistica.net/img/char/99.png\">GenuineT33", "kills": 44, "deaths": 55, "games": 8, "scores": 925, "aid": "pb-JiNJARFZVEZAWl9JF0FYU11DGUlWQVBF"}, "pb-IF4vUGc8NA==": {"name_html": "<img style=\"width:24px;height:24px;\" src=\"https://legacy.ballistica.net/img/char/99.png\">clorobite", "kills": 39, "deaths": 41, "games": 14, "scores": 1020, "aid": "pb-IF4vUGc8NA=="}, "pb-IF4cVG05CQ==": {"name_html": "<img style=\"width:24px;height:24px;\" src=\"https://legacy.ballistica.net/img/char/99.png\">FauxLion35", "kills": 0, "deaths": 6, "games": 2, "scores": 0, "aid": "pb-IF4cVG05CQ=="}, "pb-IF4cURUEKg==": {"name_html": "<img style=\"width:24px;height:24px;\" src=\"https://legacy.ballistica.net/img/char/99.png\">MenialGroa", "kills": 1, "deaths": 3, "games": 1, "scores": 55, "aid": "pb-IF4cURUEKg=="}, "pb-IF4LUFEMBw==": {"name_html": "<img style=\"width:24px;height:24px;\" src=\"https://legacy.ballistica.net/img/char/99.png\">NoName8202053", "kills": 4, "deaths": 16, "games": 4, "scores": 70, "aid": "pb-IF4LUFEMBw=="}, "pb-IF40URUzVw==": {"name_html": "<img style=\"width:24px;height:24px;\" src=\"https://legacy.ballistica.net/img/char/48.png\">Android67400548", "kills": 11, "deaths": 17, "games": 3, "scores": 105, "aid": "pb-IF40URUzVw=="}, "pb-IF4TUFczFA==": {"name_html": "<img style=\"width:24px;height:24px;\" src=\"https://legacy.ballistica.net/img/char/99.png\">cun0412", "kills": 0, "deaths": 1, "games": 1, "scores": 0, "aid": "pb-IF4TUFczFA=="}, "pb-IF4NUxJcAg==": {"name_html": "<img style=\"width:24px;height:24px;\" src=\"https://legacy.ballistica.net/img/char/99.png\">FittingPl2", "kills": 41, "deaths": 68, "games": 8, "scores": 1055, "aid": "pb-IF4NUxJcAg=="}, "pb-IF4TUWpaEQ==": {"name_html": "<img style=\"width:24px;height:24px;\" src=\"https://legacy.ballistica.net/img/char/99.png\">UpwardDepu", "kills": 30, "deaths": 93, "games": 12, "scores": 290, "aid": "pb-IF4TUWpaEQ=="}, "pb-IF5VU3VaHw==": {"name_html": "<img style=\"width:24px;height:24px;\" src=\"https://legacy.ballistica.net/img/char/68.png\">&lt;\u25cfBrook\u25cf&gt;", "kills": 92, "deaths": 102, "games": 29, "scores": 840, "aid": "pb-IF5VU3VaHw=="}, "pb-IF5SUWtbBw==": {"name_html": "<img style=\"width:24px;height:24px;\" src=\"https://legacy.ballistica.net/img/char/99.png\">Unblemi804", "kills": 1, "deaths": 5, "games": 2, "scores": 85, "aid": "pb-IF5SUWtbBw=="}, "pb-IF4LURJTCg==": {"name_html": "<img style=\"width:24px;height:24px;\" src=\"https://legacy.ballistica.net/img/char/86.png\">RCB Royal Challe", "kills": 2, "deaths": 2, "games": 1, "scores": 15, "aid": "pb-IF4LURJTCg=="}, "pb-IF41UG5dAA==": {"name_html": "<img style=\"width:24px;height:24px;\" src=\"https://legacy.ballistica.net/img/char/70.png\">Thallious_&quot;", "kills": 2, "deaths": 0, "games": 1, "scores": 20, "aid": "pb-IF41UG5dAA=="}, "pb-IF4SV1lZAQ==": {"name_html": "<img style=\"width:24px;height:24px;\" src=\"https://legacy.ballistica.net/img/char/95.png\">\ud83d\udcabTIGER\u2728", "kills": 99, "deaths": 67, "games": 29, "scores": 3595, "aid": "pb-IF4SV1lZAQ=="}, "pb-IF5QUW0qCA==": {"name_html": "<img style=\"width:24px;height:24px;\" src=\"https://legacy.ballistica.net/img/char/99.png\">TelltaleFl", "kills": 2, "deaths": 15, "games": 3, "scores": 15, "aid": "pb-IF5QUW0qCA=="}, "pb-IF4NChEc": {"name_html": "<img style=\"width:24px;height:24px;\" src=\"https://legacy.ballistica.net/img/char/99.png\">TallPhant5", "kills": 14, "deaths": 12, "games": 5, "scores": 365, "aid": "pb-IF4NChEc"}, "pb-IF4-V1UfEQ==": {"name_html": "<img style=\"width:24px;height:24px;\" src=\"https://legacy.ballistica.net/img/char/99.png\">Enigmat249", "kills": 5, "deaths": 2, "games": 3, "scores": 290, "aid": "pb-IF4-V1UfEQ=="}, "pb-IF4VUhk5VA==": {"name_html": "<img style=\"width:24px;height:24px;\" src=\"https://legacy.ballistica.net/img/char/99.png\">SevenDefen", "kills": 6, "deaths": 14, "games": 4, "scores": 40, "aid": "pb-IF4VUhk5VA=="}, "pb-IF5dUWEzDA==": {"name_html": "<img style=\"width:24px;height:24px;\" src=\"https://legacy.ballistica.net/img/char/99.png\">DastardlyO", "kills": 0, "deaths": 1, "games": 2, "scores": 0, "aid": "pb-IF5dUWEzDA=="}, "pb-IF4NUWk-Mw==": {"name_html": "<img style=\"width:24px;height:24px;\" src=\"https://legacy.ballistica.net/img/char/99.png\">JordernDey", "kills": 0, "deaths": 0, "games": 1, "scores": 0, "aid": "pb-IF4NUWk-Mw=="}, "pb-IF4XU0MmJw==": {"name_html": "<img style=\"width:24px;height:24px;\" src=\"https://legacy.ballistica.net/img/char/48.png\">Android67073502", "kills": 15, "deaths": 17, "games": 4, "scores": 230, "aid": "pb-IF4XU0MmJw=="}, "pb-IF5cUWcOAQ==": {"name_html": "<img style=\"width:24px;height:24px;\" src=\"https://legacy.ballistica.net/img/char/99.png\">MyopicDre2", "kills": 3, "deaths": 9, "games": 3, "scores": 715, "aid": "pb-IF5cUWcOAQ=="}, "pb-IF5TUHUiDA==": {"name_html": "<img style=\"width:24px;height:24px;\" src=\"https://legacy.ballistica.net/img/char/99.png\">CopiousBug", "kills": 7, "deaths": 41, "games": 7, "scores": 90, "aid": "pb-IF5TUHUiDA=="}, "pb-IF4qUWcxAg==": {"name_html": "<img style=\"width:24px;height:24px;\" src=\"https://legacy.ballistica.net/img/char/99.png\">SincereSti", "kills": 0, "deaths": 1, "games": 2, "scores": 0, "aid": "pb-IF4qUWcxAg=="}, "pb-IF42VVEuEw==": {"name_html": "<img style=\"width:24px;height:24px;\" src=\"https://legacy.ballistica.net/img/char/99.png\">shyamsz", "kills": 14, "deaths": 26, "games": 8, "scores": 100, "aid": "pb-IF42VVEuEw=="}, "pb-IF4OURUYPQ==": {"name_html": "<img style=\"width:24px;height:24px;\" src=\"https://legacy.ballistica.net/img/char/99.png\">Indiscr967", "kills": 23, "deaths": 36, "games": 6, "scores": 855, "aid": "pb-IF4OURUYPQ=="}, "pb-IF4IUm0lVw==": {"name_html": "<img style=\"width:24px;height:24px;\" src=\"https://legacy.ballistica.net/img/char/67.png\">\ud83d\ude08AMI\ud83d\ude08", "kills": 14, "deaths": 17, "games": 5, "scores": 220, "aid": "pb-IF4IUm0lVw=="}, "pb-IF4AU29cUA==": {"name_html": "<img style=\"width:24px;height:24px;\" src=\"https://legacy.ballistica.net/img/char/30.png\">jdirjficbbc", "kills": 0, "deaths": 0, "games": 1, "scores": 0, "aid": "pb-IF4AU29cUA=="}, "pb-IF4UU2wvUA==": {"name_html": "<img style=\"width:24px;height:24px;\" src=\"https://legacy.ballistica.net/img/char/77.png\">\u1d2c\u1d37\u00b0\u1b44\u2584\ufe3b\u253b\u2550\u2533\u4e00\ud835\udd2d\ud835\udd2f\ud835\udd2c", "kills": 0, "deaths": 2, "games": 1, "scores": 0, "aid": "pb-IF4UU2wvUA=="}, "pb-IF4jURgGVA==": {"name_html": "<img style=\"width:24px;height:24px;\" src=\"https://legacy.ballistica.net/img/char/99.png\">CrypticFra", "kills": 9, "deaths": 11, "games": 2, "scores": 375, "aid": "pb-IF4jURgGVA=="}, "pb-IF5RUnVcPA==": {"name_html": "<img style=\"width:24px;height:24px;\" src=\"https://legacy.ballistica.net/img/char/99.png\">Incredi503", "kills": 9, "deaths": 6, "games": 2, "scores": 120, "aid": "pb-IF5RUnVcPA=="}, "pb-IF48V3QKFw==": {"name_html": "<img style=\"width:24px;height:24px;\" src=\"https://legacy.ballistica.net/img/char/99.png\">gamerpika9", "kills": 14, "deaths": 17, "games": 5, "scores": 255, "aid": "pb-IF48V3QKFw=="}, "pb-IF4hURgzDA==": {"name_html": "<img style=\"width:24px;height:24px;\" src=\"https://legacy.ballistica.net/img/char/48.png\">Android67519427", "kills": 0, "deaths": 2, "games": 2, "scores": 0, "aid": "pb-IF4hURgzDA=="}, "pb-IF43VFZTFw==": {"name_html": "<img style=\"width:24px;height:24px;\" src=\"https://legacy.ballistica.net/img/char/72.png\">I\u00a9K\u00a5M0/\u20ac\ud83d\uddff", "kills": 21, "deaths": 17, "games": 6, "scores": 315, "aid": "pb-IF43VFZTFw=="}, "pb-IF4wV1BfUg==": {"name_html": "<img style=\"width:24px;height:24px;\" src=\"https://legacy.ballistica.net/img/char/72.png\">\u0f04hadi\u0fd0\u2022\u2570\u203f\u256f", "kills": 29, "deaths": 34, "games": 13, "scores": 1310, "aid": "pb-IF4wV1BfUg=="}}